sentence_id,original_length,token_count,tokens_after_stopword_removal,unique_tokens,unique_stemmed,unique_lemmatized
0,87,15,11,11,11,11
1,70,11,8,8,8,8
2,158,23,17,17,17,17
3,192,34,21,21,21,21
4,181,27,17,17,17,17
5,155,23,17,17,16,16
6,193,32,20,19,19,19
7,55,9,5,5,5,5
8,99,15,8,8,8,8
9,45,8,2,2,2,2
10,124,20,10,10,9,10
11,132,21,12,12,12,12
12,142,22,14,13,13,13
13,183,31,17,17,16,16
14,95,16,10,10,10,10
15,112,19,12,12,12,12
16,116,15,11,11,11,11
17,133,20,13,13,13,13
18,121,18,12,12,12,12
19,204,32,20,19,19,19
20,122,19,10,10,10,10
21,251,38,21,20,20,20
22,300,48,23,23,23,23
23,106,17,10,10,10,10
24,103,16,10,10,10,10
25,81,12,7,7,7,7
26,107,20,10,10,10,10
27,77,12,6,6,6,6
28,186,32,21,20,20,20
29,128,20,14,14,14,14
30,190,25,15,15,15,15
31,72,13,7,7,7,7
32,43,9,4,4,4,4
33,135,19,14,14,14,14
34,187,33,21,21,20,20
35,98,15,9,9,8,8
36,136,22,14,14,13,13
37,161,23,16,14,14,14
38,117,17,12,11,11,11
39,201,33,18,18,18,18
40,180,27,18,17,17,17
41,108,18,11,11,11,11
42,86,13,10,10,10,10
43,99,17,11,10,10,10
44,148,19,14,14,14,14
45,58,10,7,7,7,7
46,151,23,14,13,13,13
47,128,17,11,11,11,11
48,83,14,8,8,8,8
49,129,22,14,11,11,11
50,138,21,14,14,14,14
51,86,13,9,9,9,9
52,61,11,9,8,8,8
53,143,22,16,16,16,16
54,115,17,11,11,11,11
55,157,23,16,16,16,16
56,110,14,9,9,9,9
57,94,11,10,9,9,9
58,71,12,7,7,7,7
59,125,19,13,12,12,12
60,122,20,12,12,12,12
61,107,15,10,9,9,9
62,97,15,9,9,9,9
63,132,25,13,13,13,13
64,84,17,9,9,9,9
65,147,25,19,19,19,19
66,100,16,10,10,10,10
67,112,16,13,12,12,12
68,72,13,6,6,6,6
69,168,29,17,17,17,17
70,15,3,1,1,1,1
71,117,17,10,10,10,10
72,94,17,10,10,10,10
73,175,35,16,16,16,16
74,169,29,19,18,18,18
75,162,24,16,16,16,16
76,32,4,3,3,3,3
77,160,25,15,15,15,15
78,89,14,9,8,8,8
79,99,17,9,9,9,9
80,155,24,15,15,15,15
81,91,14,9,9,9,9
82,112,20,10,10,10,10
83,99,17,8,8,8,8
84,59,11,5,5,5,5
85,217,34,22,21,21,21
86,106,18,11,11,11,11
87,113,20,10,10,10,10
88,84,14,6,6,6,6
89,171,23,17,17,17,17
90,194,29,20,19,19,19
91,168,27,18,16,15,16
92,147,22,15,15,15,15
93,113,19,12,11,11,11
94,105,18,12,12,12,12
95,125,20,12,12,12,12
96,43,7,4,4,4,4
97,164,26,18,17,16,17
98,150,26,16,15,15,15
99,280,41,29,27,27,27
100,106,16,14,13,13,13
101,58,9,6,6,6,6
102,263,42,29,22,20,21
103,49,10,7,7,7,7
104,134,18,12,12,10,11
105,173,29,16,14,14,14
106,225,42,26,24,24,24
107,130,22,11,11,11,11
108,164,25,15,15,15,15
109,78,11,9,9,9,9
110,136,19,12,12,11,11
111,110,19,11,11,11,11
112,69,11,6,6,6,6
113,205,37,21,20,20,20
114,268,40,26,26,25,26
115,241,39,27,23,23,23
116,95,15,9,7,7,7
117,106,15,11,11,11,11
118,297,49,32,31,30,31
119,149,25,14,13,13,13
120,37,7,4,4,4,4
121,79,12,11,10,10,10
122,147,26,13,13,13,13
123,30,3,2,2,2,2
124,124,23,10,10,10,10
125,190,29,20,20,20,20
126,222,32,24,23,23,23
127,50,8,4,4,4,4
128,163,25,15,15,15,15
129,205,38,20,20,20,20
130,117,19,15,14,14,14
131,254,38,29,29,29,29
132,161,22,17,17,17,17
133,175,28,18,18,18,18
134,186,32,18,18,18,18
135,245,39,26,24,24,24
136,158,28,17,17,16,17
137,103,16,11,11,11,11
138,132,19,13,11,11,11
139,121,22,13,12,12,12
140,97,17,11,11,11,11
141,89,13,9,9,9,9
142,184,27,18,18,18,18
143,115,16,13,13,13,13
144,78,13,10,10,10,10
145,149,24,16,16,16,16
146,119,20,12,12,11,11
147,142,19,13,12,12,12
148,130,22,12,12,12,12
149,169,26,14,13,13,13
150,96,15,9,9,9,9
151,69,13,9,9,9,9
152,183,24,16,16,16,16
153,162,28,21,21,21,21
154,93,15,10,10,10,10
155,72,14,8,8,8,8
156,112,18,12,12,12,12
157,185,31,20,19,19,19
158,91,14,9,9,9,9
159,69,11,8,8,8,8
160,70,10,7,7,7,7
161,72,13,9,9,9,9
162,181,27,16,16,16,16
163,136,22,16,14,14,14
164,170,27,18,18,18,18
165,88,13,9,9,9,9
166,204,31,18,17,17,17
167,115,21,11,11,11,11
168,272,44,26,25,25,25
169,206,35,20,20,19,19
170,123,21,10,10,10,10
171,198,31,17,17,17,17
172,123,20,12,12,12,12
173,111,20,8,8,8,8
174,78,14,7,7,7,7
175,132,18,15,15,15,15
176,56,8,5,5,5,5
177,157,27,18,17,17,17
178,171,28,18,17,16,17
179,125,21,12,11,11,11
180,55,9,5,5,5,5
181,64,12,4,4,4,4
182,134,22,15,15,15,15
183,163,25,14,14,14,14
184,107,16,10,10,10,10
185,241,39,20,19,19,19
186,141,22,16,14,14,14
187,180,27,18,17,16,17
188,195,33,20,16,15,15
189,42,9,4,4,4,4
190,71,12,5,5,5,5
191,46,8,5,5,5,5
192,80,13,9,9,9,9
193,188,30,16,14,14,14
194,77,11,9,9,9,9
195,193,33,19,18,18,18
196,99,17,9,9,9,9
197,182,29,17,16,16,16
198,102,17,11,10,10,10
199,46,8,4,4,4,4
200,316,42,34,29,29,29
201,29,5,3,3,3,3
202,109,20,13,13,13,13
203,125,19,16,16,16,16
204,85,13,8,8,8,8
205,83,11,8,8,8,8
206,74,12,8,8,8,8
207,71,12,7,7,7,7
208,85,15,10,10,10,10
209,52,8,5,5,5,5
210,81,12,10,10,10,10
211,34,5,3,3,3,3
212,249,37,23,22,22,22
213,216,31,22,22,22,22
214,205,30,20,19,19,19
215,146,24,15,15,15,15
216,242,33,19,19,19,19
217,281,37,22,21,21,21
218,186,27,20,20,20,20
219,97,13,9,9,9,9
220,228,32,20,20,20,20
221,130,20,14,14,14,14
222,195,33,20,19,19,19
223,64,10,6,6,6,6
224,76,12,6,6,6,6
225,237,36,20,20,20,20
226,300,42,27,27,27,27
227,70,13,7,6,6,6
228,137,27,14,14,14,14
229,137,20,13,13,13,13
230,169,24,16,15,15,15
231,114,20,13,13,13,13
232,148,25,16,16,16,16
233,130,21,13,13,13,13
234,163,28,13,13,13,13
235,82,15,10,10,10,10
236,150,23,14,14,14,14
237,82,12,10,10,10,10
238,98,16,10,10,10,10
239,204,34,22,22,22,22
240,74,14,6,6,6,6
241,159,25,16,16,16,16
242,83,13,8,8,7,8
243,72,13,9,9,9,9
244,48,8,4,4,4,4
245,111,18,11,11,11,11
246,161,30,15,14,14,14
247,54,9,5,5,5,5
248,120,19,11,11,11,11
249,64,10,6,6,6,6
250,171,29,17,17,17,17
251,115,19,12,11,11,11
252,41,6,4,4,4,4
253,194,31,21,20,20,20
254,114,18,13,13,13,13
255,152,23,16,16,16,16
256,127,22,14,14,14,14
257,68,9,8,8,8,8
258,139,18,15,14,14,14
259,102,14,9,9,9,9
260,108,19,11,11,11,11
261,158,24,15,14,14,14
262,250,44,24,21,20,20
263,121,21,15,15,15,15
264,56,8,7,7,7,7
265,80,13,7,7,7,7
266,46,8,5,5,5,5
267,59,10,8,8,8,8
268,133,22,15,12,12,12
269,157,27,18,17,17,17
270,176,30,19,19,19,19
271,214,33,20,20,20,20
272,55,11,5,5,5,5
273,224,34,21,20,20,20
274,157,26,15,15,15,15
275,65,8,6,6,6,6
276,121,17,13,13,13,13
277,256,42,24,24,23,23
278,199,28,18,16,16,16
279,115,18,11,11,11,11
280,264,44,26,24,23,23
281,205,28,20,20,20,20
282,169,26,16,16,16,16
283,82,10,9,9,9,9
284,127,21,13,13,13,13
285,117,19,12,12,12,12
286,177,30,20,20,20,20
287,98,16,12,12,12,12
288,167,24,17,17,17,17
289,91,15,10,10,10,10
290,58,9,5,5,5,5
291,132,18,13,13,13,13
292,60,10,6,6,6,6
293,99,17,11,10,10,10
294,133,19,14,14,14,14
295,177,22,20,19,19,19
296,169,25,17,17,17,17
297,87,14,7,7,7,7
298,54,10,6,6,6,6
299,116,15,12,12,12,12
300,77,13,9,9,9,9
301,115,20,13,12,12,12
302,200,30,20,19,17,19
303,218,32,19,17,17,17
304,124,15,11,10,10,10
305,153,22,14,14,14,14
306,197,30,15,15,15,15
307,203,36,23,21,21,21
308,133,21,15,15,15,15
309,213,35,23,23,23,23
310,183,31,17,17,17,17
311,252,34,23,21,21,21
312,120,21,11,11,11,11
313,79,11,8,8,8,8
314,96,14,7,7,7,7
315,178,27,19,18,18,18
316,55,8,6,6,6,6
317,172,25,17,17,17,17
318,125,19,12,11,11,11
319,30,5,3,2,2,2
320,182,29,19,18,17,18
321,198,32,19,19,19,19
322,64,11,6,6,6,6
323,188,35,19,18,18,18
324,19,3,2,2,2,2
325,157,22,15,15,14,15
326,158,24,18,17,16,16
327,46,8,4,4,4,4
328,166,23,15,15,15,15
329,113,23,12,12,12,12
330,67,11,6,6,6,6
331,183,29,19,19,19,19
332,54,8,4,4,4,4
333,165,27,17,16,16,16
334,63,13,5,5,5,5
335,107,15,10,10,10,10
336,90,15,8,7,7,7
337,128,22,15,15,15,15
338,41,9,5,5,5,5
339,56,8,5,5,5,5
340,87,14,9,9,9,9
341,131,23,16,15,15,15
342,82,14,6,6,6,6
343,150,26,12,12,12,12
344,152,28,16,15,14,15
345,125,22,12,12,12,12
346,164,27,15,15,15,15
347,104,16,10,10,9,9
348,115,19,11,11,11,11
349,97,18,12,12,12,12
350,88,15,9,9,9,9
351,115,16,12,12,12,12
352,149,23,17,17,17,17
353,95,15,9,9,9,9
354,119,19,12,12,12,12
355,187,30,20,19,19,19
356,77,12,8,8,8,8
357,207,41,18,18,18,18
358,194,30,20,19,19,19
359,90,19,9,9,9,9
360,142,23,12,12,12,12
361,112,20,12,12,12,12
362,97,17,10,10,10,10
363,222,37,22,22,22,22
364,232,39,22,21,21,21
365,46,6,4,4,4,4
366,96,16,10,10,10,10
367,91,15,9,9,9,9
368,207,34,22,21,21,21
369,184,29,15,15,15,15
370,181,24,16,16,16,16
371,65,12,6,6,6,6
372,81,11,7,7,7,7
373,109,17,11,11,11,11
374,141,21,13,12,12,12
375,119,20,12,11,11,11
376,182,27,17,16,15,16
377,82,11,6,6,6,6
378,130,21,11,10,10,10
379,135,21,14,14,14,14
380,123,20,11,11,11,11
381,71,12,6,6,6,6
382,22,4,2,2,2,2
383,92,16,6,6,6,6
384,36,5,4,4,4,4
385,65,9,5,5,5,5
386,89,15,8,8,8,8
387,87,14,8,8,8,8
388,63,9,5,5,5,5
389,105,17,9,9,9,9
390,162,26,18,17,17,17
391,139,18,13,13,13,13
392,61,10,5,5,5,5
393,92,15,9,9,9,9
394,183,28,18,18,18,18
395,96,16,9,9,9,9
396,87,11,8,8,8,8
397,78,12,9,9,9,9
398,84,11,8,8,8,8
399,146,21,15,15,15,15
400,50,6,5,5,5,5
401,221,32,19,16,16,16
402,197,28,19,19,19,19
403,133,20,12,12,12,12
404,61,8,7,7,7,7
405,112,15,10,10,10,10
406,108,19,12,11,11,11
407,139,22,14,14,14,14
408,79,11,8,8,8,8
409,90,15,8,7,7,7
410,80,11,8,8,8,8
411,272,39,27,27,26,27
412,118,23,11,11,11,11
413,109,17,12,12,12,12
414,109,17,10,10,10,10
415,86,15,9,8,8,8
416,85,12,8,8,8,8
417,101,15,10,10,9,10
418,48,8,4,4,4,4
419,126,22,10,10,10,10
420,73,10,6,6,6,6
421,101,16,10,10,10,10
422,99,15,9,8,8,8
423,169,26,13,11,11,11
424,67,11,7,7,7,7
425,137,25,13,11,10,11
426,178,31,17,17,17,17
427,123,21,12,11,11,11
428,63,13,7,7,7,7
429,101,19,11,11,11,11
430,144,24,16,16,16,16
431,58,9,6,6,6,6
432,130,19,11,11,11,11
433,115,16,9,9,9,9
434,183,31,19,19,19,19
435,95,14,10,10,10,10
436,89,13,12,12,12,12
437,60,10,6,6,6,6
438,107,16,9,9,9,9
439,15,3,1,1,1,1
440,168,27,15,14,14,14
441,215,32,18,17,17,17
442,150,26,13,12,12,12
443,89,18,8,8,8,8
444,35,6,3,3,3,3
445,197,34,18,18,18,18
446,106,18,10,10,10,10
447,186,31,19,19,19,19
448,65,10,6,6,6,6
449,194,32,21,21,21,21
450,124,21,11,11,11,11
451,106,15,10,10,10,10
452,194,34,22,22,22,22
453,120,20,12,12,12,12
454,96,15,8,6,6,6
455,90,16,8,8,8,8
456,130,19,14,14,14,14
457,463,78,46,42,41,41
458,127,22,14,14,14,14
459,141,29,14,14,14,14
460,97,14,11,11,11,11
461,158,30,12,12,12,12
462,324,47,30,29,29,29
463,74,12,5,5,5,5
464,337,56,27,24,24,24
465,176,29,15,15,15,15
466,210,34,21,20,20,20
467,46,9,5,5,5,5
468,108,17,11,9,9,9
469,101,15,11,11,11,11
470,71,13,6,6,6,6
471,159,25,16,16,16,16
472,134,23,13,13,13,13
473,113,14,11,11,11,11
474,227,35,23,22,22,22
475,36,5,4,4,4,4
476,140,18,14,14,13,13
477,104,15,10,10,10,10
478,138,23,12,12,11,12
479,195,34,17,17,17,17
480,163,26,15,15,15,15
481,162,33,16,15,15,15
482,205,33,22,22,22,22
483,200,33,17,16,16,16
484,100,20,10,10,10,10
485,203,31,20,19,19,19
486,157,25,14,13,13,13
487,193,30,18,16,15,15
488,120,20,13,13,13,13
489,98,19,7,7,7,7
490,151,27,12,12,12,12
491,118,20,12,12,12,12
492,90,13,10,10,10,10
493,180,29,19,19,19,19
494,168,23,17,17,17,17
495,140,19,12,12,12,12
496,124,19,12,11,11,11
497,182,29,18,18,18,18
498,136,21,14,14,14,14
499,103,17,11,11,11,11
500,87,15,11,11,11,11
501,121,20,12,12,12,12
502,69,11,6,6,6,6
503,192,31,20,19,18,18
504,144,23,14,12,12,12
505,191,30,26,25,25,25
506,182,30,21,21,21,21
507,36,6,5,5,5,5
508,136,24,13,13,13,13
509,129,18,13,12,12,12
510,72,14,7,7,7,7
511,78,14,8,8,8,8
512,49,9,5,5,5,5
513,147,25,13,13,13,13
514,206,37,21,20,20,20
515,161,26,17,17,17,17
516,99,17,11,11,11,11
517,45,8,4,4,4,4
518,91,13,8,8,8,8
519,294,47,29,29,29,29
520,203,36,22,20,20,20
521,108,18,13,13,13,13
522,108,19,12,12,12,12
523,138,21,12,12,12,12
524,164,27,17,17,17,17
525,28,5,2,2,2,2
526,56,9,5,5,5,5
527,61,11,6,6,6,6
528,85,12,8,8,8,8
529,19,5,1,1,1,1
530,224,40,22,22,22,22
531,56,12,5,5,5,5
532,109,20,10,10,10,10
533,110,23,11,11,11,11
534,207,36,19,19,19,19
535,127,25,12,12,12,12
536,80,14,9,9,9,9
537,80,18,7,7,6,6
538,145,24,14,13,13,13
539,114,18,12,12,12,12
540,160,24,13,13,13,13
541,182,30,16,16,16,15
542,177,27,16,16,16,16
543,59,7,4,4,4,4
544,129,19,10,10,10,10
545,60,11,6,6,6,6
546,35,6,3,3,3,3
547,144,24,11,11,11,11
548,170,27,17,17,17,17
549,54,11,4,4,4,4
550,129,20,11,11,11,11
551,128,22,12,12,12,12
552,207,40,21,19,19,19
553,118,18,12,12,12,12
554,153,26,17,17,17,17
555,239,35,23,17,17,17
556,114,19,11,11,11,11
557,129,20,12,11,11,11
558,92,17,10,10,10,10
559,119,20,11,11,10,10
560,203,35,18,17,17,17
561,241,39,24,23,23,23
562,125,18,11,11,11,11
563,192,32,18,18,18,18
564,199,30,17,17,17,17
565,92,18,9,9,9,9
566,108,19,8,8,8,8
567,139,25,15,14,14,14
568,15,3,3,3,3,3
569,118,20,14,14,14,14
570,109,17,13,13,13,13
571,182,29,17,17,17,17
572,249,38,23,23,22,23
573,90,14,7,7,7,7
574,164,23,17,17,17,17
575,136,23,15,15,14,14
576,88,11,9,8,8,8
577,61,8,6,6,6,6
578,50,8,5,5,5,5
579,51,9,4,4,4,4
580,29,5,3,3,3,3
581,53,10,4,4,4,4
582,94,12,8,8,8,8
583,26,5,2,2,2,2
584,25,3,2,2,2,2
585,78,15,7,7,7,7
586,167,29,15,15,15,15
587,110,21,8,8,8,8
588,138,22,14,13,13,13
589,69,10,6,6,6,6
590,131,22,12,12,12,12
591,97,17,7,7,7,7
592,91,13,10,10,10,10
593,118,17,10,10,10,10
594,134,21,8,8,8,8
595,10,1,1,1,1,1
596,223,33,24,24,24,24
597,197,28,15,15,15,15
598,234,39,19,19,19,19
599,263,43,25,22,22,22
600,233,39,24,22,22,22
601,150,24,13,13,13,13
602,63,10,5,5,5,5
603,196,32,18,18,18,18
604,106,21,11,11,11,11
605,155,26,14,14,13,14
606,166,25,14,13,13,13
607,179,28,17,17,17,17
608,203,34,18,16,16,16
609,145,24,14,14,14,14
610,158,23,17,16,16,16
611,12,2,2,2,2,2
612,168,28,19,17,17,17
613,48,6,5,5,5,5
614,28,3,3,3,3,3
615,98,17,8,8,8,8
616,193,31,20,20,20,20
617,43,9,5,5,5,5
618,192,30,16,13,13,13
619,68,11,5,5,5,5
620,49,8,5,5,5,5
621,156,24,13,13,13,13
622,60,11,8,7,7,7
623,26,5,2,2,2,2
624,151,26,15,15,15,15
625,148,25,11,10,10,10
626,128,19,11,10,10,10
627,40,8,3,3,3,3
628,209,36,23,22,21,22
629,112,20,11,11,11,11
630,71,10,7,7,7,7
631,90,16,10,10,10,10
632,92,12,9,9,9,9
633,202,30,19,19,19,19
634,105,18,11,11,11,11
635,226,34,23,22,22,22
636,102,16,10,10,10,10
637,174,27,17,15,15,15
638,101,15,11,11,11,11
639,99,16,9,9,9,9
640,128,18,12,12,12,12
641,169,25,14,13,13,13
642,113,17,10,10,10,10
643,174,28,16,16,16,16
644,113,17,10,10,10,10
645,42,6,4,4,4,4
646,157,26,15,15,14,15
647,82,13,8,8,8,8
648,92,12,8,8,8,8
649,166,25,14,14,14,14
650,96,13,9,9,9,9
651,306,45,28,25,24,25
652,83,13,9,9,9,9
653,102,15,11,11,11,11
654,218,31,22,22,22,22
655,157,24,15,15,15,15
656,144,25,14,14,14,14
657,107,17,10,10,10,10
658,206,32,20,20,20,20
659,244,34,23,23,23,23
660,227,39,24,24,24,24
661,113,17,11,11,11,11
662,77,14,9,9,9,9
663,101,15,9,9,9,9
664,98,16,8,8,8,8
665,201,34,20,18,18,18
666,139,23,12,12,12,12
667,117,19,12,12,12,12
668,168,28,14,14,14,14
669,107,17,7,7,7,7
670,152,25,14,14,14,14
671,178,31,15,14,14,14
672,87,13,9,9,9,9
673,83,16,10,10,10,10
674,145,26,13,13,13,13
675,159,26,15,15,15,15
676,44,7,6,6,6,6
677,157,26,18,18,18,18
678,61,10,4,4,4,4
679,73,12,5,5,5,5
680,67,11,7,7,7,7
681,115,19,10,10,10,10
682,132,21,12,11,11,11
683,89,17,7,7,7,7
684,63,10,5,5,5,5
685,79,17,7,6,6,6
686,122,22,11,11,11,11
687,145,21,14,13,13,13
688,100,18,8,8,8,8
689,121,21,13,13,13,13
690,57,10,6,6,6,6
691,37,7,4,4,4,4
692,46,8,5,5,5,5
693,111,18,8,8,8,8
694,369,63,29,29,29,29
695,187,31,18,18,18,18
696,120,17,12,12,12,12
697,135,22,13,13,13,13
698,73,11,7,7,7,7
699,172,25,17,17,16,17
700,57,11,5,5,5,5
701,98,16,6,6,6,6
702,192,24,16,16,15,16
703,171,25,17,16,16,16
704,87,15,8,8,8,8
705,154,23,16,16,16,16
706,112,15,10,10,10,10
707,75,10,6,6,6,6
708,208,26,19,18,18,18
709,205,30,17,17,17,17
710,119,19,13,13,13,13
711,109,21,11,11,11,11
712,198,26,18,18,18,18
713,172,28,17,17,17,17
714,47,8,5,5,5,5
715,291,49,30,29,27,28
716,88,15,11,11,11,11
717,107,18,12,12,12,12
718,227,36,20,18,18,18
719,199,28,19,19,19,19
720,164,23,16,16,16,16
721,81,12,9,9,8,8
722,261,43,29,29,29,29
723,89,17,9,9,9,9
724,108,18,11,11,11,11
725,95,15,8,8,8,8
726,84,15,10,10,10,10
727,56,7,5,5,5,5
728,81,16,8,8,8,8
729,267,39,27,26,26,26
730,150,26,14,14,14,14
731,133,20,14,13,13,13
732,127,21,12,12,12,12
733,128,20,11,10,10,10
734,34,6,3,3,3,3
735,69,13,6,6,6,6
736,152,23,17,16,16,16
737,81,15,7,7,7,7
738,192,29,21,19,18,19
739,222,36,21,20,20,20
740,190,31,16,16,16,16
741,113,20,9,9,9,9
742,106,17,13,13,13,13
743,132,21,12,12,12,12
744,195,27,19,18,18,18
745,116,20,11,11,11,11
746,76,13,8,7,7,7
747,75,13,6,6,6,6
748,92,14,9,9,9,9
749,83,14,8,8,8,8
750,26,4,3,3,3,3
751,43,8,4,4,4,4
752,110,18,10,10,10,10
753,101,17,11,11,11,11
754,74,12,6,6,6,6
755,154,28,16,16,16,16
756,87,16,9,9,9,9
757,109,20,9,9,9,9
758,184,30,23,23,23,23
759,93,15,10,10,10,10
760,221,32,22,22,22,22
761,154,27,16,16,16,16
762,81,14,9,9,9,9
763,75,13,7,7,7,7
764,59,9,5,4,4,4
765,75,10,6,6,6,6
766,202,33,25,24,23,23
767,141,23,12,12,12,12
768,44,7,4,4,4,4
769,61,13,7,7,7,7
770,82,13,6,6,6,6
771,58,9,6,6,6,6
772,60,9,7,7,7,7
773,189,32,19,19,19,19
774,219,35,20,20,20,20
775,124,20,11,11,11,11
776,105,16,12,12,11,11
777,57,10,5,5,5,5
778,15,2,1,1,1,1
779,25,5,2,2,2,2
780,51,11,4,4,4,4
781,61,12,4,4,4,4
782,139,22,13,13,13,13
783,112,18,12,12,12,12
784,23,3,3,3,3,3
785,77,14,7,7,7,7
786,42,6,4,4,4,4
787,52,10,4,4,4,4
788,187,28,15,15,15,15
789,136,22,10,10,10,10
790,113,18,12,12,12,12
791,127,23,12,12,12,12
792,198,38,14,14,14,14
793,139,22,13,13,13,13
794,50,8,7,7,7,7
795,206,33,18,18,17,17
796,75,12,7,7,7,7
797,56,7,5,5,5,5
798,111,14,9,9,9,9
799,95,18,9,9,9,9
800,115,18,11,11,11,11
801,63,11,4,4,4,4
802,43,7,5,5,5,5
803,85,15,8,8,8,8
804,114,23,10,9,9,9
805,138,22,15,14,14,14
806,98,17,10,10,10,10
807,43,8,2,2,2,2
808,159,26,13,13,13,13
809,36,6,4,4,4,4
810,172,29,17,15,15,15
811,92,15,9,9,9,9
812,176,26,16,16,16,16
813,145,22,15,15,15,15
814,58,9,5,5,5,5
815,175,23,16,16,15,15
816,102,16,8,8,8,8
817,213,31,16,16,16,16
818,98,14,9,8,8,8
819,90,10,7,7,7,7
820,135,21,10,10,10,10
821,248,41,23,23,23,23
822,128,21,11,11,11,11
823,374,56,33,30,27,29
824,152,22,15,15,15,15
825,263,40,26,20,19,19
826,102,16,9,9,9,9
827,146,19,15,15,15,15
828,188,29,19,17,17,17
829,103,17,11,11,11,11
830,51,9,5,5,5,5
831,76,10,7,7,7,7
832,179,24,17,16,16,16
833,59,9,6,6,6,6
834,75,12,5,5,5,5
835,284,44,27,26,26,26
836,165,27,16,14,14,14
837,374,56,35,33,33,33
838,56,9,6,6,6,6
839,30,5,4,4,4,4
840,241,38,20,18,17,18
841,125,20,13,13,13,13
842,182,27,18,18,17,18
843,137,21,13,13,13,13
844,81,15,8,8,8,8
845,26,3,2,2,2,2
846,155,26,15,15,15,15
847,134,19,13,13,13,13
848,116,19,11,11,11,11
849,155,22,16,16,16,16
850,138,22,13,13,13,13
851,73,10,7,7,7,7
852,53,7,6,6,6,6
853,142,20,13,13,13,13
854,209,30,19,19,19,19
855,167,23,13,13,13,13
856,155,20,14,14,14,14
857,149,21,16,13,13,13
858,205,35,20,20,20,20
859,148,25,15,14,14,14
860,247,42,22,22,22,22
861,112,17,10,10,10,10
862,235,33,22,22,21,22
863,170,28,15,15,15,15
864,165,21,12,12,12,12
865,141,20,13,13,13,13
866,96,15,10,10,10,10
867,114,16,10,10,10,10
868,214,33,18,18,18,18
869,98,13,8,8,8,8
870,201,31,18,18,18,18
871,152,24,12,12,12,12
872,110,15,10,10,10,10
873,77,13,10,9,9,9
874,202,32,16,15,15,15
875,125,19,12,12,12,12
876,248,40,23,20,20,20
877,124,20,13,11,11,11
878,189,28,19,19,18,19
879,90,15,11,11,11,11
880,68,11,5,5,5,5
881,87,15,9,9,9,9
882,102,17,12,12,12,12
883,79,13,9,9,9,9
884,101,17,12,12,12,12
885,88,14,10,10,10,10
886,223,36,23,19,18,18
887,30,6,4,4,4,4
888,73,14,9,8,8,8
889,254,36,23,22,22,22
890,169,24,15,14,13,14
891,184,31,19,19,19,19
892,75,12,8,8,8,8
893,165,30,16,16,16,16
894,145,21,16,16,16,16
895,116,17,14,14,14,14
896,95,14,11,11,11,11
897,25,6,4,4,4,4
898,171,29,15,15,15,15
899,157,27,20,20,20,20
900,114,20,16,15,15,15
901,113,20,13,12,12,12
902,112,19,10,9,9,9
903,222,35,26,25,25,25
904,163,23,18,18,18,18
905,53,9,6,6,6,6
906,162,24,14,14,14,14
907,124,22,16,15,15,15
908,172,29,15,15,15,15
909,93,18,12,12,12,12
910,100,17,12,12,12,12
911,119,21,16,14,14,14
912,234,38,26,19,19,19
913,33,8,6,5,5,5
914,105,16,10,9,9,9
915,176,27,16,14,14,14
916,254,46,28,25,25,25
917,60,11,8,8,8,8
918,144,22,16,16,16,16
919,120,21,13,12,12,12
920,174,26,15,15,15,15
921,233,38,22,22,22,22
922,258,47,24,24,24,24
923,153,25,14,12,12,12
924,181,31,15,14,14,14
925,160,27,14,14,14,14
926,109,15,11,11,11,11
927,64,11,7,7,7,7
928,177,27,17,17,16,16
929,275,44,26,24,23,23
930,116,20,15,15,15,15
931,85,12,6,6,6,6
932,161,25,16,16,16,16
933,121,20,11,11,11,11
934,132,22,15,15,15,15
935,121,18,12,12,12,12
936,297,53,30,28,27,27
937,169,28,17,17,17,17
938,176,25,15,15,15,15
939,93,15,11,11,11,11
940,248,36,24,24,24,24
941,88,16,9,9,9,9
942,172,28,12,12,12,12
943,149,25,14,13,13,13
944,123,20,11,11,11,11
945,92,15,9,9,9,9
946,116,18,12,12,12,12
947,89,15,8,8,8,8
948,165,24,14,14,14,14
949,55,9,6,6,6,6
950,140,21,14,14,13,13
951,123,23,15,15,15,15
952,69,12,7,7,7,7
953,176,37,15,14,14,14
954,124,19,13,13,13,13
955,72,14,7,7,6,6
956,45,7,3,3,3,3
957,89,13,8,8,8,8
958,88,17,7,7,7,7
959,152,25,14,14,14,14
960,109,19,9,9,9,9
961,60,8,6,6,6,6
962,193,30,19,19,19,19
963,110,17,11,11,10,10
964,147,22,13,12,11,11
965,74,14,8,8,8,8
966,144,22,13,12,12,12
967,76,14,7,7,7,7
968,125,19,10,10,10,10
969,140,21,15,15,15,15
970,84,14,11,11,11,11
971,151,24,12,12,12,12
972,130,21,12,12,12,12
973,24,3,3,3,3,3
974,168,26,17,15,15,15
975,211,35,21,20,20,20
976,100,13,9,9,9,9
977,176,29,19,19,18,19
978,188,32,18,16,16,16
979,77,12,9,9,9,9
980,249,42,28,27,27,27
981,181,31,15,14,14,14
982,243,40,26,25,25,25
983,191,30,16,16,16,16
984,113,18,12,12,12,12
985,118,19,10,10,10,10
986,31,6,5,5,5,5
987,164,24,18,18,18,18
988,299,50,30,28,28,28
989,63,11,8,8,8,8
990,43,8,5,5,5,5
991,26,4,2,2,2,2
992,117,19,12,12,12,12
993,193,31,20,20,20,20
994,58,8,5,5,5,5
995,176,31,19,18,18,18
996,160,24,16,16,16,16
997,26,4,3,3,3,3
998,139,23,16,16,16,16
999,253,42,27,27,26,27
1000,177,23,16,16,16,16
1001,126,22,14,14,14,14
1002,113,18,10,10,10,10
1003,60,11,7,7,7,7
1004,112,19,15,14,14,14
1005,107,19,9,9,9,9
1006,98,13,6,5,5,5
1007,195,27,15,15,15,15
1008,116,17,10,10,10,10
1009,120,17,11,11,11,11
1010,218,33,20,20,20,20
1011,59,9,5,5,5,5
1012,176,27,17,17,17,17
1013,130,20,12,12,12,12
1014,232,31,19,19,17,19
1015,80,12,8,8,8,8
1016,70,12,5,5,5,5
1017,167,25,15,15,15,15
1018,82,13,9,9,9,9
1019,146,20,12,12,12,12
1020,169,23,16,16,16,16
1021,120,18,13,13,13,13
1022,177,30,17,17,17,17
1023,124,22,13,13,13,13
1024,118,20,14,14,14,14
1025,201,35,22,19,18,19
1026,78,14,7,7,7,7
1027,116,20,10,10,10,10
1028,104,17,9,9,9,9
1029,134,23,11,10,10,10
1030,97,14,10,10,10,10
1031,129,18,12,12,12,12
1032,61,11,6,6,6,6
1033,8,1,1,1,1,1
1034,127,20,15,14,14,14
1035,26,4,3,3,3,3
1036,80,15,12,11,11,11
1037,4,1,1,1,1,1
1038,173,31,20,20,20,20
1039,65,10,7,7,7,7
1040,169,27,20,18,18,18
1041,88,16,11,10,10,10
1042,163,27,18,18,18,18
1043,98,15,10,10,10,10
1044,119,16,12,12,12,12
1045,127,21,15,15,15,15
1046,208,24,19,17,17,17
1047,1,0,0,0,0,0
1048,30,4,4,4,4,4
1049,134,23,16,15,14,14
1050,26,4,4,4,4,4
1051,24,3,3,3,3,3
1052,192,25,20,20,20,20
1053,167,27,19,18,18,18
1054,286,44,26,26,26,26
1055,195,31,18,18,18,18
1056,109,15,10,10,10,10
1057,136,21,12,12,12,12
1058,53,10,8,8,8,8
1059,129,23,13,13,13,13
1060,71,14,8,8,8,8
1061,56,9,7,6,6,6
1062,130,19,12,12,12,12
1063,137,21,12,12,12,12
1064,70,10,6,6,6,6
1065,271,42,21,19,19,19
1066,51,10,4,4,4,4
1067,57,8,5,5,5,5
1068,90,13,11,11,11,11
1069,125,22,11,11,11,11
1070,57,7,7,7,7,7
1071,214,31,22,22,22,22
1072,124,18,13,13,13,13
1073,270,42,26,24,24,24
1074,233,41,21,21,21,21
1075,355,57,37,32,31,31
1076,187,31,18,18,18,18
1077,110,19,10,10,10,10
1078,166,29,19,14,14,14
1079,67,10,6,6,6,6
1080,121,21,13,11,11,11
1081,283,46,27,27,26,26
1082,188,29,16,16,16,16
1083,252,40,25,24,24,24
1084,279,38,24,24,23,23
1085,63,11,6,6,6,6
1086,132,20,14,14,14,14
1087,188,32,18,16,16,16
1088,209,35,20,18,18,18
1089,119,17,13,13,13,13
1090,192,30,16,15,15,15
1091,232,36,19,19,19,19
1092,68,14,5,5,5,5
1093,112,19,12,12,12,12
1094,52,8,6,6,6,6
1095,79,14,9,9,9,9
1096,197,31,21,21,21,21
1097,125,22,14,14,14,14
1098,117,20,12,12,12,12
1099,143,22,12,12,12,12
1100,231,35,23,23,23,23
1101,176,28,16,16,16,16
1102,44,7,5,5,5,5
1103,99,13,9,9,9,9
1104,74,14,5,5,5,5
1105,162,29,14,14,14,14
1106,128,21,11,11,11,11
1107,200,32,18,18,18,18
1108,127,25,14,13,13,13
1109,53,9,6,6,6,6
1110,197,27,18,18,18,18
1111,148,24,14,14,14,14
1112,86,15,4,4,4,4
1113,18,3,1,1,1,1
1114,155,24,15,15,15,15
1115,106,14,9,9,9,9
1116,77,13,8,8,8,8
1117,136,18,13,13,13,13
1118,87,14,8,8,8,8
1119,204,31,18,18,18,18
1120,79,13,7,7,7,7
1121,101,15,7,7,7,7
1122,183,28,19,19,19,19
1123,213,30,19,18,18,18
1124,165,26,17,17,17,17
1125,121,20,11,11,11,11
1126,152,25,10,10,9,10
1127,116,19,10,10,10,10
1128,132,20,12,12,12,12
1129,204,31,18,18,18,18
1130,110,17,9,9,9,9
1131,143,22,11,10,10,10
1132,88,15,8,8,8,8
1133,149,26,13,13,13,13
1134,98,17,10,10,10,10
1135,118,18,9,9,9,9
1136,106,17,12,12,12,12
1137,212,38,21,21,21,21
1138,132,21,13,12,12,12
1139,326,54,34,33,32,33
1140,153,27,14,14,13,13
1141,60,10,6,6,6,6
1142,133,19,12,12,12,12
1143,86,13,9,9,9,9
1144,59,10,6,6,6,6
1145,135,20,14,14,14,14
1146,118,19,10,10,10,10
1147,147,26,16,15,15,15
1148,175,32,15,14,13,14
1149,14,2,2,2,2,2
1150,19,3,2,2,2,2
1151,189,27,18,17,17,17
1152,201,32,19,17,17,17
1153,88,15,9,9,9,9
1154,164,28,14,13,13,13
1155,59,13,6,6,6,6
1156,13,2,2,2,2,2
1157,143,19,15,14,14,14
1158,62,9,5,5,5,5
1159,10,2,2,2,2,2
1160,181,28,22,20,20,20
1161,107,17,10,10,10,10
1162,16,2,2,2,2,2
1163,76,11,9,9,9,9
1164,129,18,12,12,12,12
1165,165,23,17,15,15,15
1166,19,2,2,2,2,2
1167,115,15,11,11,11,11
1168,13,1,1,1,1,1
1169,129,13,11,11,11,11
1170,26,4,3,3,3,3
1171,179,29,20,17,17,17
1172,204,34,21,21,21,21
1173,130,22,15,15,15,15
1174,146,22,15,15,14,14
1175,75,13,8,8,8,8
1176,208,30,21,19,19,19
1177,104,17,9,8,8,8
1178,101,16,12,12,12,12
1179,69,13,6,6,6,6
1180,81,13,9,9,9,9
1181,164,27,15,15,15,15
1182,239,30,22,22,22,22
1183,175,28,17,17,17,17
1184,221,34,21,20,20,20
1185,212,36,22,20,20,20
1186,86,18,8,8,8,8
1187,137,18,15,15,15,15
1188,86,12,8,8,8,8
1189,108,16,13,13,13,13
1190,179,25,16,15,15,15
1191,109,15,11,11,11,11
1192,158,27,19,19,19,19
1193,64,10,6,6,6,6
1194,243,32,23,23,23,23
1195,173,28,13,13,12,13
1196,191,31,22,21,21,21
1197,232,36,20,20,20,20
1198,161,26,15,15,15,15
1199,62,10,5,5,5,5
1200,187,28,16,16,16,16
1201,57,8,3,3,3,3
1202,157,24,18,18,18,18
1203,93,13,8,8,8,8
1204,214,32,24,24,23,23
1205,94,14,10,10,10,10
1206,98,18,10,10,10,10
1207,73,13,7,7,7,7
1208,198,36,20,20,20,20
1209,116,19,12,12,12,12
1210,92,14,10,10,10,10
1211,155,23,19,18,18,18
1212,111,19,13,13,13,13
1213,112,16,11,11,11,11
1214,63,11,8,8,8,8
1215,118,18,13,13,13,13
1216,199,28,20,19,19,19
1217,69,10,7,7,7,7
1218,144,23,17,17,17,17
1219,105,18,14,13,13,13
1220,188,32,21,19,19,19
1221,182,27,15,15,14,15
1222,145,22,15,15,14,15
1223,153,22,13,11,10,11
1224,207,32,21,21,21,21
1225,174,30,11,11,11,11
1226,44,7,3,3,3,3
1227,98,17,8,8,8,8
1228,225,33,19,19,18,19
1229,216,39,23,23,23,23
1230,162,27,16,16,16,16
1231,163,28,15,14,14,14
1232,94,17,12,10,10,10
1233,67,13,9,9,9,9
1234,169,28,17,17,17,17
1235,98,17,11,11,11,11
1236,48,7,5,5,5,5
1237,183,26,19,19,19,19
1238,64,11,6,6,6,6
1239,104,17,11,10,10,10
1240,120,22,14,14,14,14
1241,178,27,17,15,15,15
1242,244,45,29,26,26,26
1243,208,35,24,23,23,23
1244,176,31,13,13,13,13
1245,135,26,13,13,13,13
1246,87,16,7,7,7,7
1247,103,18,12,12,12,12
1248,222,35,20,20,19,19
1249,412,54,44,38,38,38
1250,73,13,8,8,8,8
1251,98,19,10,10,10,10
1252,215,39,20,20,20,20
1253,59,10,6,6,6,6
1254,173,29,18,18,18,18
1255,98,15,10,10,10,10
1256,152,25,17,17,17,17
1257,78,13,7,7,7,7
1258,94,17,12,11,10,10
1259,24,5,3,3,3,3
1260,149,25,17,16,15,15
1261,65,13,7,7,7,7
1262,67,12,9,9,9,9
1263,72,13,8,8,8,8
1264,178,30,18,18,18,18
1265,108,14,11,11,11,11
1266,101,13,9,9,9,9
1267,159,26,16,16,16,16
1268,128,23,15,15,15,15
1269,148,25,15,15,14,14
1270,79,14,5,5,5,5
1271,75,12,6,6,6,6
1272,214,37,21,20,19,19
1273,92,18,9,9,9,9
1274,48,7,6,6,6,6
1275,164,33,18,17,17,17
1276,183,29,16,16,15,16
1277,356,69,45,29,29,29
1278,141,27,15,15,15,15
1279,231,37,20,20,20,20
1280,50,9,4,4,4,4
1281,154,27,17,17,16,16
1282,117,20,11,11,11,11
1283,235,38,20,20,20,20
1284,88,14,7,7,7,7
1285,148,27,16,16,15,15
1286,107,18,8,8,8,8
1287,69,12,5,5,5,5
1288,96,18,7,7,7,7
1289,109,20,12,11,11,11
1290,95,17,8,8,8,8
1291,257,43,25,25,24,24
1292,104,22,9,8,8,8
1293,139,25,17,17,17,17
1294,143,26,13,13,13,13
1295,97,19,9,9,9,9
1296,264,48,29,29,29,29
1297,141,23,11,11,11,11
1298,69,14,4,4,4,4
1299,52,10,7,7,7,7
1300,166,29,16,16,16,16
1301,148,25,15,15,15,15
1302,107,15,11,11,11,11
1303,166,28,18,17,17,17
1304,94,17,10,9,9,9
1305,171,28,16,16,16,16
1306,141,23,14,14,14,14
1307,184,33,18,18,17,17
1308,170,31,20,20,20,20
1309,98,16,8,8,8,8
1310,133,19,11,11,11,11
1311,233,31,22,20,20,20
1312,175,22,15,15,15,15
1313,59,10,5,5,5,5
1314,91,16,8,8,8,8
1315,72,13,8,8,8,8
1316,147,24,13,12,12,12
1317,162,28,15,15,15,15
1318,160,31,14,13,13,13
1319,202,32,20,20,20,20
1320,88,14,9,9,9,9
1321,146,27,19,18,17,17
1322,69,12,6,6,6,6
1323,153,24,14,14,13,14
1324,67,10,7,7,7,7
1325,183,29,20,20,20,20
1326,112,17,11,11,11,11
1327,56,10,6,6,6,6
1328,56,9,6,6,6,6
1329,78,13,7,7,7,7
1330,182,32,21,20,20,20
1331,188,29,20,20,20,20
1332,180,31,20,20,20,20
1333,98,14,12,12,12,12
1334,190,30,18,18,18,18
1335,276,42,27,27,27,27
1336,86,12,7,7,7,7
1337,117,21,13,12,12,12
1338,102,15,9,9,9,9
1339,92,15,10,10,10,10
1340,91,15,10,10,10,10
1341,90,15,10,10,10,10
1342,98,17,12,12,12,12
1343,26,5,3,3,3,3
1344,180,29,17,17,17,17
1345,133,24,15,14,14,14
1346,97,17,10,10,10,10
1347,179,27,18,16,16,16
1348,211,39,20,18,18,18
1349,81,13,10,10,10,10
1350,26,4,3,3,3,3
1351,150,24,16,16,16,16
1352,116,17,12,12,11,11
1353,49,8,5,5,5,5
1354,108,18,12,12,12,12
1355,104,18,12,12,11,11
1356,95,16,12,12,12,12
1357,81,11,8,8,8,8
1358,178,26,16,16,16,16
1359,125,19,13,13,13,13
1360,164,31,15,15,15,15
1361,54,8,6,6,6,6
1362,131,17,12,12,11,12
1363,166,26,16,16,16,16
1364,26,4,3,3,3,3
1365,52,7,6,6,6,6
1366,47,7,7,7,7,7
1367,21,4,2,2,2,2
1368,118,21,11,11,11,11
1369,26,5,3,3,3,3
1370,17,3,2,2,2,2
1371,126,22,15,13,13,13
1372,201,35,28,26,26,26
1373,89,16,11,9,9,9
1374,111,20,13,11,11,11
1375,26,4,3,3,3,3
1376,134,19,13,13,13,13
1377,75,10,7,7,7,7
1378,190,30,20,20,20,20
1379,166,29,19,19,19,19
1380,90,14,9,9,9,9
1381,61,10,6,6,6,6
1382,142,20,15,15,15,15
1383,184,27,15,15,15,15
1384,22,4,2,2,2,2
1385,175,28,19,19,19,19
1386,116,20,13,13,13,13
1387,48,10,3,3,3,3
1388,62,12,8,8,8,8
1389,75,14,10,9,9,9
1390,35,6,4,4,4,4
1391,183,34,18,18,18,18
1392,209,36,26,23,21,22
1393,284,44,29,28,28,28
1394,127,18,11,11,11,11
1395,132,22,13,13,13,13
1396,219,38,23,19,19,19
1397,118,21,15,13,13,13
1398,89,17,10,10,10,10
1399,182,33,19,18,18,18
1400,94,14,9,9,8,8
1401,211,33,20,20,20,20
1402,157,27,15,15,15,15
1403,152,25,16,13,12,12
1404,52,8,6,5,5,5
1405,181,25,17,15,15,15
1406,230,35,24,22,22,22
1407,233,37,21,20,20,20
1408,136,21,12,11,11,11
1409,74,10,8,7,7,7
1410,113,17,11,11,11,11
1411,184,28,19,19,19,19
1412,144,23,11,11,11,11
1413,74,13,6,6,6,6
1414,114,19,10,9,9,9
1415,266,43,24,24,22,22
1416,282,43,23,23,23,23
1417,97,14,9,9,9,9
1418,86,12,7,7,7,7
1419,58,10,6,6,6,6
1420,239,39,23,21,21,21
1421,218,35,18,18,18,18
1422,191,28,16,16,16,16
1423,342,54,33,31,31,31
1424,171,29,18,18,18,18
1425,139,21,13,13,13,13
1426,56,11,4,4,4,4
1427,170,30,15,14,14,14
1428,72,11,8,8,8,8
1429,297,45,33,33,33,33
1430,263,45,25,24,24,24
1431,124,16,10,10,10,10
1432,57,10,3,3,3,3
1433,41,8,4,4,4,4
1434,157,28,16,15,15,15
1435,141,25,10,10,10,10
1436,49,9,3,3,3,3
1437,154,27,16,16,16,16
1438,76,13,7,7,7,7
1439,138,21,13,13,12,12
1440,56,10,4,4,4,4
1441,132,23,14,14,14,14
1442,112,20,14,14,14,14
1443,124,20,13,13,13,13
1444,73,14,6,6,6,6
1445,69,10,6,5,5,5
1446,36,5,3,3,3,3
1447,49,6,4,4,4,4
1448,161,25,16,15,15,15
1449,88,12,8,8,8,8
1450,105,17,11,11,11,11
1451,172,28,19,19,19,19
1452,196,30,22,21,20,20
1453,84,12,8,8,8,8
1454,162,25,18,18,18,18
1455,78,14,9,9,9,9
1456,65,11,8,8,8,8
1457,136,23,12,12,12,12
1458,157,24,17,16,16,16
1459,176,25,20,19,19,19
1460,126,20,12,12,12,12
1461,198,32,21,21,21,21
1462,68,9,7,7,7,7
1463,107,16,10,10,10,10
1464,222,28,22,21,21,21
1465,165,26,16,15,15,15
1466,102,17,10,10,10,10
1467,137,21,13,12,12,12
1468,107,20,12,12,12,12
1469,139,19,13,12,12,12
1470,233,33,24,20,20,20
1471,180,29,19,18,18,18
1472,78,14,7,7,7,7
1473,73,13,6,6,6,6
1474,103,16,11,11,11,11
1475,51,8,5,5,5,5
1476,181,27,18,17,17,17
1477,160,22,13,13,13,13
1478,30,5,3,3,3,3
1479,201,30,18,18,18,18
1480,154,23,17,17,17,17
1481,112,16,10,10,10,10
1482,67,12,7,7,7,7
1483,114,15,11,11,11,11
1484,211,32,20,18,18,18
1485,138,21,14,14,14,14
1486,158,28,13,13,13,13
1487,112,19,9,8,8,8
1488,185,30,18,18,17,18
1489,104,21,8,8,8,8
1490,172,31,18,17,17,17
1491,94,16,9,9,9,9
1492,73,14,11,11,11,11
1493,91,13,11,11,11,11
1494,62,11,9,9,9,9
1495,60,9,5,5,5,5
1496,217,33,20,20,20,20
1497,142,26,12,12,12,12
1498,74,13,8,8,8,8
1499,87,14,8,8,8,8
1500,141,26,12,12,12,12
1501,134,21,14,14,14,14
1502,135,22,15,15,15,15
1503,116,22,9,9,9,9
1504,53,8,4,4,4,4
1505,40,7,4,4,4,4
1506,68,12,6,6,6,6
1507,144,24,12,12,12,12
1508,79,12,8,8,8,8
1509,63,10,7,7,7,7
1510,149,23,12,12,12,12
1511,167,27,16,16,16,16
1512,132,18,14,14,14,14
1513,138,24,13,13,13,13
1514,276,43,26,25,25,25
1515,198,32,16,15,14,15
1516,115,18,9,9,9,9
1517,36,6,2,2,2,2
1518,230,34,25,25,25,25
1519,107,12,11,11,11,11
1520,185,27,18,18,18,18
1521,172,29,17,15,15,15
1522,35,5,3,3,3,3
1523,181,29,21,21,20,21
1524,85,14,8,8,8,8
1525,31,5,5,5,5,5
1526,152,23,16,16,16,16
1527,105,17,10,10,10,10
1528,100,16,8,8,8,8
1529,108,21,9,9,9,9
1530,162,27,14,14,14,14
1531,214,30,19,19,16,17
1532,201,32,20,19,18,19
1533,175,26,18,18,18,18
1534,118,19,12,12,12,12
1535,56,8,5,5,5,5
1536,175,26,18,18,18,18
1537,101,12,9,9,9,9
1538,100,16,9,9,9,9
1539,112,22,11,11,11,11
1540,156,29,11,11,11,11
1541,120,18,9,9,9,9
1542,30,4,2,2,2,2
1543,88,11,7,7,7,7
1544,197,29,21,21,21,21
1545,98,17,9,9,9,9
1546,146,20,12,12,12,12
1547,124,20,11,11,11,11
1548,133,21,13,13,13,13
1549,68,11,7,7,7,7
1550,36,7,3,3,3,3
1551,135,24,11,11,11,11
1552,6,1,1,1,1,1
1553,170,27,18,18,18,18
1554,166,26,15,15,15,15
1555,71,9,7,7,7,7
1556,103,12,9,9,9,9
1557,45,9,4,4,4,4
1558,25,5,4,4,4,4
1559,30,5,4,4,4,4
1560,37,7,4,4,4,4
1561,28,5,4,4,4,4
1562,140,20,13,13,13,13
1563,86,14,10,10,10,10
1564,153,24,12,12,12,12
1565,104,18,10,10,10,10
1566,103,18,9,9,9,9
1567,33,4,4,4,4,4
1568,23,4,3,3,3,3
1569,18,2,2,2,2,2
1570,162,29,14,14,14,14
1571,218,34,21,20,20,20
1572,90,12,9,9,9,9
1573,58,10,6,6,6,6
1574,104,16,11,11,11,11
1575,139,26,11,11,11,11
1576,110,22,10,10,10,10
1577,166,28,19,19,19,19
1578,35,8,5,5,5,5
1579,128,18,13,13,13,13
1580,189,26,19,19,19,19
1581,164,27,18,18,18,18
1582,244,42,30,28,28,28
1583,140,25,15,14,14,14
1584,126,24,11,10,9,9
1585,259,42,28,26,26,26
1586,193,33,22,22,22,22
1587,220,36,24,24,24,24
1588,125,19,15,15,15,15
1589,256,40,24,22,22,22
1590,191,29,20,20,20,20
1591,76,11,6,6,6,6
1592,261,40,26,24,24,24
1593,80,13,7,7,7,7
1594,95,17,10,10,10,10
1595,129,21,13,12,11,12
1596,216,35,25,25,25,25
1597,77,13,9,9,9,9
1598,307,44,27,26,26,26
1599,198,35,18,18,18,18
1600,180,29,19,19,19,19
1601,166,29,15,15,15,15
1602,192,31,20,20,20,20
1603,123,19,11,10,10,10
1604,109,20,10,10,10,10
1605,135,23,16,16,16,16
1606,76,13,9,9,9,9
1607,183,32,16,16,16,16
1608,253,40,27,27,27,27
1609,152,20,16,16,15,16
1610,140,20,11,10,10,10
1611,136,21,10,9,8,9
1612,45,6,5,5,5,5
1613,18,2,2,2,2,2
1614,204,34,19,19,19,19
1615,110,20,10,10,10,10
1616,126,23,13,12,12,12
1617,158,28,16,16,16,16
1618,182,31,17,17,17,17
1619,65,9,7,7,7,7
1620,38,6,4,4,4,4
1621,245,40,24,23,23,23
1622,124,20,12,12,12,12
1623,117,20,7,7,7,7
1624,151,26,16,16,16,16
1625,42,8,2,2,2,2
1626,162,31,16,16,16,16
1627,55,13,5,5,5,5
1628,172,28,14,14,14,14
1629,190,25,18,18,18,18
1630,178,28,17,16,15,15
1631,134,23,12,12,12,12
1632,68,11,5,5,5,5
1633,142,20,15,15,15,15
1634,77,15,7,7,7,7
1635,134,25,15,15,15,15
1636,206,36,19,19,19,19
1637,123,23,11,11,11,11
1638,172,26,18,18,18,18
1639,188,29,18,18,18,18
1640,142,25,15,15,15,15
1641,225,29,21,21,21,21
1642,122,16,10,10,10,10
1643,159,27,17,17,17,17
1644,59,11,5,5,5,5
1645,98,18,8,8,8,8
1646,151,26,12,12,12,12
1647,42,8,3,3,3,3
1648,170,22,15,14,14,14
1649,218,38,25,24,24,24
1650,125,19,10,10,10,10
1651,104,17,10,10,10,10
1652,81,16,8,8,8,8
1653,121,19,12,11,11,11
1654,92,15,9,9,9,9
1655,138,26,13,13,13,13
1656,167,26,14,10,10,10
1657,119,20,10,9,9,9
1658,76,15,7,7,7,7
1659,87,15,6,6,6,6
1660,160,25,18,18,18,18
1661,192,33,17,17,16,16
1662,115,20,11,11,11,11
1663,69,11,8,8,8,8
1664,107,18,11,11,11,11
1665,125,21,14,14,14,14
1666,102,17,10,10,10,10
1667,95,19,10,10,10,10
1668,145,26,13,12,12,12
1669,44,6,4,4,4,4
1670,306,48,28,27,27,27
1671,203,33,16,16,16,16
1672,229,33,20,20,20,20
1673,268,41,26,25,25,25
1674,129,25,13,13,13,13
1675,45,10,6,6,6,6
1676,132,20,12,12,12,12
1677,100,16,8,8,8,8
1678,119,19,13,13,13,13
1679,124,21,11,11,11,11
1680,118,18,12,12,12,12
1681,162,26,14,14,14,14
1682,205,32,18,18,18,18
1683,104,14,9,9,9,9
1684,76,10,6,6,6,6
1685,133,21,12,12,12,12
1686,146,23,15,15,15,15
1687,133,23,15,15,15,15
1688,109,17,12,12,12,12
1689,168,29,19,19,19,19
1690,121,18,14,14,14,14
1691,205,30,24,24,23,23
1692,163,28,14,14,13,13
1693,155,26,17,17,17,17
1694,60,13,6,6,6,6
1695,84,14,7,7,7,7
1696,111,19,11,11,11,11
1697,141,25,15,15,15,15
1698,43,7,4,4,4,4
1699,8,1,1,1,1,1
1700,167,27,17,17,17,17
1701,77,16,9,9,9,9
1702,76,12,8,8,8,8
1703,202,35,21,21,21,21
1704,79,16,9,9,9,9
1705,118,21,12,12,12,12
1706,216,31,18,18,18,18
1707,165,27,14,14,14,14
1708,139,21,13,12,12,12
1709,198,30,20,20,20,20
1710,79,15,7,6,6,6
1711,75,17,6,6,6,6
1712,47,8,5,5,5,5
1713,116,17,11,11,11,11
1714,144,24,13,13,13,13
1715,240,39,20,20,20,20
1716,170,24,15,15,15,15
1717,110,21,12,11,11,11
1718,164,25,14,14,13,13
1719,150,24,15,15,15,15
1720,117,19,14,14,14,14
1721,99,15,9,9,9,9
1722,186,31,18,16,16,16
1723,147,26,16,16,16,16
1724,238,42,27,25,24,24
1725,150,28,17,17,17,17
1726,141,24,11,11,11,11
1727,151,25,17,17,17,17
1728,302,51,29,27,27,27
1729,25,5,2,2,2,2
1730,224,35,24,19,19,19
1731,36,7,3,3,3,3
1732,64,10,7,7,7,7
1733,262,41,25,21,21,21
1734,239,37,23,23,23,23
1735,39,5,5,5,5,5
1736,154,26,15,15,15,15
1737,197,31,21,21,21,21
1738,161,26,18,15,15,15
1739,57,11,6,6,6,6
1740,187,28,19,19,19,19
1741,114,21,10,10,10,10
1742,66,10,7,7,7,7
1743,67,9,4,4,4,4
1744,236,37,19,19,19,19
1745,93,12,9,9,9,9
1746,204,34,20,19,19,19
1747,110,19,15,14,14,14
1748,131,22,12,12,12,12
1749,217,34,19,19,19,19
1750,185,27,17,17,17,17
1751,94,14,9,9,9,9
1752,133,20,14,14,14,14
1753,219,34,19,19,19,19
1754,161,23,15,15,15,15
1755,226,33,23,23,23,23
1756,198,30,20,18,18,18
1757,136,21,10,10,10,10
1758,58,8,5,5,5,5
1759,174,27,15,15,15,15
1760,218,32,21,21,21,21
1761,71,14,6,5,5,5
1762,266,44,26,24,24,24
1763,97,16,10,9,9,9
1764,174,30,19,18,18,18
1765,200,28,19,19,19,19
1766,137,25,12,12,12,12
1767,113,18,13,12,12,12
1768,80,16,8,8,8,8
1769,36,7,5,5,5,5
1770,173,28,17,17,17,17
1771,87,14,9,9,9,9
1772,132,18,13,13,13,13
1773,41,8,4,4,4,4
1774,179,30,16,16,16,16
1775,166,29,13,13,13,13
1776,67,12,6,6,6,6
1777,73,13,8,8,8,8
1778,161,30,18,18,18,18
1779,140,23,14,14,14,14
1780,170,28,17,17,17,17
1781,126,19,11,11,11,11
1782,138,21,13,13,13,13
1783,128,19,13,13,13,13
1784,28,5,3,3,3,3
1785,227,31,23,21,21,21
1786,54,7,5,5,5,5
1787,108,19,10,10,10,10
1788,126,16,13,13,13,13
1789,45,9,4,4,4,4
1790,42,8,3,3,3,3
1791,84,14,6,6,6,6
1792,53,9,4,4,4,4
1793,108,12,10,9,9,9
1794,101,16,10,10,10,10
1795,111,22,10,10,10,10
1796,225,37,18,18,17,18
1797,329,48,30,29,29,29
1798,13,2,2,2,2,2
1799,298,46,28,27,27,27
1800,158,27,15,15,15,15
1801,121,19,10,10,10,10
1802,129,24,12,12,12,12
1803,131,22,14,11,10,10
1804,142,25,12,12,11,11
1805,84,11,7,7,7,7
1806,89,14,7,7,7,7
1807,36,5,5,5,5,5
1808,216,27,17,16,16,16
1809,92,16,9,9,9,9
1810,229,34,23,22,22,22
1811,68,11,7,7,7,7
1812,91,14,10,10,10,10
1813,66,9,5,5,5,5
1814,196,33,20,18,18,18
1815,67,11,7,7,7,7
1816,67,11,8,8,8,8
1817,82,13,9,9,9,9
1818,228,32,22,20,20,20
1819,59,9,6,6,6,6
1820,92,14,10,10,10,10
1821,196,30,19,18,18,18
1822,152,20,13,13,13,13
1823,54,9,6,6,6,6
1824,57,11,7,7,7,7
1825,163,25,18,16,16,16
1826,119,16,10,10,10,10
1827,49,9,7,7,7,7
1828,147,22,16,14,14,14
1829,80,11,8,8,8,8
1830,203,28,17,17,16,17
1831,88,14,7,7,7,7
1832,236,37,26,26,26,26
1833,171,24,14,14,14,14
1834,159,22,14,14,14,14
1835,140,22,11,11,11,11
1836,199,30,21,19,19,19
1837,115,18,12,12,12,12
1838,139,22,14,14,14,14
1839,81,15,7,7,7,7
1840,116,18,13,13,13,13
1841,205,32,17,17,17,17
1842,37,6,3,3,3,3
1843,128,18,10,10,10,10
1844,91,16,8,7,7,7
1845,570,71,65,53,53,53
1846,362,47,42,35,35,35
1847,145,25,12,12,12,12
1848,80,11,7,7,7,7
1849,490,58,57,49,49,49
1850,526,67,61,54,54,54
1851,306,40,33,26,26,26
1852,152,23,13,13,13,13
1853,210,30,15,15,15,15
1854,1264,171,145,101,100,100
1855,86,13,9,9,8,9
1856,35,7,2,2,2,2
1857,136,25,10,9,9,9
1858,130,22,11,11,11,11
1859,131,22,13,13,13,13
1860,209,31,19,19,19,19
1861,154,25,16,16,16,16
1862,59,10,7,7,7,7
1863,103,17,9,9,9,9
1864,257,45,24,23,22,22
1865,143,24,17,17,17,17
1866,92,13,9,9,9,9
1867,240,34,25,24,24,24
1868,154,24,16,15,15,15
1869,25,4,2,2,2,2
1870,258,43,27,26,26,26
1871,197,35,21,20,20,20
1872,90,15,10,10,10,10
1873,84,11,8,8,8,8
1874,112,17,12,12,12,12
1875,194,31,18,17,17,17
1876,148,24,16,16,16,16
1877,275,41,26,24,24,24
1878,36,8,4,4,4,4
1879,73,12,5,5,5,5
1880,174,31,14,12,12,12
1881,50,7,5,5,5,5
1882,116,17,11,11,11,11
1883,64,12,5,5,5,5
1884,76,12,8,8,8,8
1885,58,7,6,6,6,6
1886,115,21,12,11,11,11
1887,138,24,14,14,14,14
1888,194,35,17,16,16,16
1889,278,40,30,29,28,29
1890,50,6,5,5,5,5
1891,130,19,14,12,11,11
1892,96,14,9,8,8,8
1893,75,12,8,8,8,8
1894,139,23,15,15,14,14
1895,117,21,12,11,11,11
1896,167,27,15,15,15,15
1897,134,20,12,11,11,11
1898,167,29,20,20,19,20
1899,131,22,11,11,11,11
1900,217,36,22,21,21,21
1901,231,35,20,19,19,19
1902,190,34,19,18,18,18
1903,87,14,10,10,10,10
1904,76,15,7,7,7,7
1905,128,20,13,13,13,13
1906,68,15,3,3,3,3
1907,208,36,22,20,20,20
1908,189,30,21,21,21,21
1909,122,18,13,13,13,13
1910,215,40,22,21,19,20
1911,124,20,12,12,12,12
1912,138,26,15,12,12,12
1913,233,37,23,20,20,20
1914,66,13,8,8,8,8
1915,143,26,16,16,16,16
1916,339,55,33,31,31,31
1917,179,26,18,16,16,16
1918,112,15,12,12,12,12
1919,121,17,13,13,13,13
1920,91,14,12,11,11,11
1921,112,19,13,13,13,13
1922,71,11,6,6,6,6
1923,194,27,20,19,19,19
1924,168,29,17,17,17,17
1925,105,17,11,11,11,11
1926,87,12,6,6,6,6
1927,89,16,7,7,7,7
1928,165,31,17,17,17,17
1929,183,27,17,17,17,17
1930,171,28,14,14,14,14
1931,165,25,17,17,17,17
1932,47,8,5,5,5,5
1933,249,43,26,25,25,25
1934,118,17,12,12,12,12
1935,184,33,18,18,17,17
1936,57,11,6,6,6,6
1937,113,18,12,12,12,12
1938,143,22,13,13,13,13
1939,257,40,26,25,25,25
1940,123,21,12,12,12,12
1941,115,20,11,11,11,11
1942,149,25,16,16,16,16
1943,91,13,7,7,7,7
1944,98,16,8,8,8,8
1945,33,4,2,2,2,2
1946,73,10,7,7,7,7
1947,169,27,14,14,14,14
1948,80,13,9,9,9,9
1949,56,10,8,8,8,8
1950,198,31,17,16,16,16
1951,79,12,7,7,7,7
1952,35,7,3,3,3,3
1953,128,21,15,14,14,14
1954,81,12,8,7,7,7
1955,95,16,9,9,9,9
1956,90,14,6,6,6,6
1957,40,6,4,4,4,4
1958,133,23,16,16,16,16
1959,127,20,11,11,11,11
1960,31,7,3,3,3,3
1961,77,11,7,7,7,7
1962,119,18,11,11,11,11
1963,253,41,25,24,24,24
1964,315,46,30,27,27,27
1965,282,43,26,25,25,25
1966,220,35,20,20,20,20
1967,232,36,20,20,20,20
1968,166,23,15,15,15,15
1969,250,39,25,25,25,25
1970,164,23,16,16,16,16
1971,184,29,14,14,14,14
1972,236,38,21,21,21,21
1973,287,47,28,28,28,28
1974,218,36,22,22,22,22
1975,266,48,25,24,24,24
1976,263,41,25,25,25,25
1977,305,48,28,28,28,28
1978,292,47,28,27,27,27
1979,196,28,20,20,20,20
1980,205,33,20,20,20,20
1981,168,30,16,15,15,15
1982,123,19,13,13,13,13
1983,163,25,14,14,14,14
1984,42,7,5,5,5,5
1985,88,16,8,8,8,8
1986,45,9,1,1,1,1
1987,131,19,13,13,13,13
1988,94,14,9,9,9,9
1989,163,28,15,15,15,15
1990,130,21,12,12,12,12
1991,105,19,12,12,12,12
1992,152,27,16,15,15,15
1993,133,21,12,12,12,12
1994,26,3,2,2,2,2
1995,195,35,19,17,17,17
1996,184,31,18,18,18,18
1997,10,2,2,2,2,2
1998,35,5,4,4,4,4
1999,91,15,9,9,9,9
2000,219,35,22,21,21,21
2001,55,12,6,6,6,6
2002,70,9,8,8,8,8
2003,26,5,4,4,4,4
2004,88,16,10,9,8,8
2005,45,9,4,4,4,4
2006,40,5,3,3,3,3
2007,95,18,9,9,9,9
2008,67,11,5,5,5,5
2009,52,10,4,4,4,4
2010,42,6,5,5,5,5
2011,72,12,7,7,7,7
2012,126,20,11,11,11,11
2013,88,17,8,8,8,8
2014,147,22,14,14,14,14
2015,75,11,8,8,8,8
2016,121,20,9,9,9,9
2017,65,10,5,5,5,5
2018,87,15,12,12,12,12
2019,143,25,15,14,14,14
2020,135,20,15,14,14,14
2021,41,8,6,6,6,6
2022,114,19,14,14,14,14
2023,89,12,9,9,9,9
2024,93,15,9,9,9,9
2025,199,34,22,22,22,22
2026,109,18,14,13,13,13
2027,146,21,15,15,15,15
2028,117,15,11,11,11,11
2029,153,29,17,16,16,16
2030,89,14,8,8,8,8
2031,229,34,24,22,22,22
2032,238,36,22,21,21,21
2033,121,14,11,11,11,11
2034,206,30,19,19,19,19
2035,314,47,26,24,23,23
2036,116,22,14,13,13,13
2037,215,35,21,21,21,21
2038,264,38,23,23,23,23
2039,35,6,3,3,3,3
2040,109,19,12,12,12,12
2041,83,12,5,5,5,5
2042,86,13,5,5,5,5
2043,113,18,11,11,11,11
2044,82,13,5,5,5,5
2045,101,15,11,11,11,11
2046,147,26,15,15,14,14
2047,250,37,23,23,23,23
2048,147,21,14,14,14,14
2049,201,31,22,21,21,21
2050,36,6,3,3,3,3
2051,131,22,13,13,12,13
2052,52,8,4,4,4,4
2053,189,33,18,18,18,18
2054,196,30,15,15,14,15
2055,32,6,2,2,2,2
2056,86,15,7,7,7,7
2057,91,13,7,7,7,7
2058,98,15,8,8,8,8
2059,155,25,12,12,12,12
2060,157,19,13,12,12,12
2061,153,22,15,14,14,14
2062,291,47,27,25,25,25
2063,131,16,9,9,9,9
2064,78,12,6,6,6,6
2065,212,32,15,14,13,14
2066,125,18,16,15,15,15
2067,130,23,14,14,14,14
2068,193,33,17,16,16,16
2069,471,69,42,32,32,32
2070,81,11,11,11,11,11
2071,186,33,17,16,16,16
2072,193,31,16,16,16,16
2073,81,11,6,6,6,6
2074,108,19,10,10,10,10
2075,88,16,6,6,6,6
2076,33,5,5,5,5,5
2077,245,38,21,21,21,21
2078,197,32,16,16,16,16
2079,65,10,6,6,6,6
2080,36,5,4,4,4,4
2081,412,68,35,33,33,33
2082,114,20,9,9,9,9
2083,146,25,12,12,12,12
2084,130,20,10,10,10,10
2085,186,30,16,16,16,16
2086,231,33,21,19,19,19
2087,32,5,5,5,5,5
2088,202,31,24,21,21,21
2089,82,12,8,8,8,8
2090,155,27,14,12,12,12
2091,162,27,16,16,16,16
2092,49,9,4,4,4,4
2093,127,18,12,12,12,12
2094,138,22,15,15,15,15
2095,228,38,17,16,16,16
2096,62,11,5,5,5,5
2097,167,27,17,17,17,17
2098,215,32,20,20,20,20
2099,242,43,25,23,23,23
2100,209,37,18,17,17,17
2101,379,61,34,29,29,29
2102,339,58,31,31,31,31
2103,166,24,17,17,17,17
2104,155,23,13,13,13,13
2105,316,48,28,28,27,27
2106,199,27,18,18,18,18
2107,18,2,2,2,2,2
2108,189,37,17,16,16,16
2109,120,21,12,11,11,11
2110,105,23,6,6,6,6
2111,57,10,4,4,4,4
2112,151,27,11,11,11,11
2113,18,4,1,1,1,1
2114,81,16,7,7,7,7
2115,19,3,1,1,1,1
2116,19,3,1,1,1,1
2117,19,4,1,1,1,1
2118,113,19,8,8,8,8
2119,100,14,8,7,7,7
2120,124,15,11,11,11,11
2121,185,35,14,13,13,13
2122,160,24,12,12,11,12
2123,55,11,5,5,5,5
2124,117,22,10,10,10,10
2125,166,27,17,17,17,17
2126,26,5,2,2,2,2
2127,48,9,4,4,4,4
2128,76,13,6,6,6,6
2129,158,25,15,13,13,13
2130,58,8,3,3,3,3
2131,19,4,0,0,0,0
2132,132,23,12,12,12,12
2133,107,19,8,8,8,8
2134,65,11,4,4,4,4
2135,109,18,10,10,10,10
2136,81,16,10,10,10,10
2137,44,9,3,3,3,3
2138,42,6,3,3,3,3
2139,76,18,5,5,5,5
2140,158,27,16,16,16,16
2141,98,18,10,9,9,9
2142,63,9,4,4,4,4
2143,327,55,32,31,31,31
2144,184,26,16,15,15,15
2145,176,26,14,14,14,14
2146,318,47,24,22,21,21
2147,64,12,7,7,7,7
2148,284,46,27,22,21,21
2149,271,50,22,15,15,15
2150,25,4,2,2,2,2
2151,135,19,14,14,14,14
2152,135,22,12,12,12,12
2153,30,6,1,1,1,1
2154,163,30,16,15,15,15
2155,132,24,10,10,10,10
2156,82,18,8,7,7,7
2157,140,25,12,12,12,12
2158,152,26,13,13,13,13
2159,65,14,7,7,7,7
2160,144,26,11,11,11,11
2161,235,40,24,23,23,23
2162,150,29,12,12,12,12
2163,29,6,2,2,2,2
2164,242,42,20,18,17,18
2165,29,6,4,4,4,4
2166,36,8,2,2,2,2
2167,24,5,1,1,1,1
2168,20,4,0,0,0,0
2169,53,8,4,4,4,4
2170,29,6,3,3,3,3
2171,112,21,13,13,13,13
2172,223,36,24,24,24,24
2173,240,37,24,23,23,23
2174,148,17,12,12,12,12
2175,81,12,8,8,8,8
2176,104,18,12,12,12,12
2177,166,25,16,16,16,16
2178,67,11,7,7,7,7
2179,84,13,11,11,11,11
2180,169,28,14,14,14,14
2181,119,19,9,9,9,9
2182,95,16,10,10,10,10
2183,196,35,21,20,20,20
2184,132,17,11,11,11,11
2185,58,8,5,5,5,5
2186,77,11,9,8,8,8
2187,178,28,16,16,16,16
2188,155,24,15,15,15,15
2189,107,19,11,11,11,11
2190,147,24,13,13,13,13
2191,141,27,13,13,13,13
2192,144,22,13,13,13,13
2193,139,21,14,14,14,14
2194,82,14,9,9,9,9
2195,159,23,12,12,12,12
2196,112,16,11,11,11,11
2197,161,26,15,15,15,15
2198,109,20,12,12,12,12
2199,168,28,16,16,16,16
2200,154,25,15,15,15,15
2201,63,10,7,7,7,7
2202,106,18,10,9,9,9
2203,101,17,7,7,7,7
2204,198,32,21,19,19,19
2205,94,18,12,11,11,11
2206,66,11,7,7,7,7
2207,45,8,3,3,3,3
2208,116,20,11,10,10,10
2209,118,21,10,10,10,10
2210,114,20,13,13,13,13
2211,159,29,14,13,13,13
2212,193,29,20,20,20,20
2213,124,21,11,11,11,11
2214,116,17,11,11,11,11
2215,74,12,8,8,8,8
2216,19,4,2,2,2,2
2217,29,4,4,4,4,4
2218,132,22,14,14,14,14
2219,24,4,4,4,4,4
2220,78,13,10,10,10,10
2221,88,15,15,12,12,12
2222,92,15,10,10,10,10
2223,48,7,7,7,7,7
2224,21,3,3,3,3,3
2225,85,14,9,9,9,9
2226,23,4,4,4,4,4
2227,61,10,6,6,6,6
2228,234,44,36,30,30,30
2229,166,24,20,18,18,18
2230,124,18,17,14,13,13
2231,138,25,17,16,16,16
2232,31,5,3,3,3,3
2233,100,15,13,12,11,11
2234,126,20,20,15,15,15
2235,90,10,9,9,9,9
2236,237,45,39,19,18,18
2237,138,23,23,17,16,16
2238,121,20,13,13,13,13
2239,104,13,13,13,13,13
2240,96,13,10,10,10,10
2241,215,35,26,24,24,24
2242,135,20,18,17,17,17
2243,115,13,13,11,11,11
2244,31,4,4,4,4,4
2245,279,38,35,29,28,28
2246,31,4,4,4,4,4
2247,43,6,6,6,6,6
2248,106,18,11,11,10,10
2249,145,23,15,14,14,14
2250,184,27,21,21,21,21
2251,65,10,7,7,7,7
2252,137,22,11,11,11,11
2253,103,19,7,7,7,7
2254,40,7,3,3,3,3
2255,101,20,10,10,10,10
2256,163,26,16,14,14,14
2257,131,21,14,13,13,13
2258,101,14,10,10,10,10
2259,69,13,6,6,6,6
2260,60,11,6,6,6,6
2261,206,31,19,19,19,19
2262,94,14,10,10,10,10
2263,66,11,7,7,7,7
2264,126,21,12,12,12,12
2265,81,14,7,7,7,7
2266,145,17,14,14,14,14
2267,112,16,12,12,12,12
2268,311,51,33,28,28,28
2269,213,34,22,22,22,22
2270,178,29,16,15,15,15
2271,133,20,11,11,11,11
2272,158,27,17,17,17,17
2273,198,29,15,15,15,15
2274,102,15,8,8,8,8
2275,221,35,19,19,19,19
2276,141,19,9,9,9,9
2277,142,21,11,10,10,10
2278,194,30,16,16,16,16
2279,91,13,7,7,7,7
2280,180,26,15,14,13,13
2281,64,12,4,4,4,4
2282,129,18,11,11,11,11
2283,76,12,5,5,5,5
2284,236,33,18,16,15,16
2285,266,41,25,23,23,23
2286,266,41,21,21,21,21
2287,275,44,25,24,24,24
2288,138,21,13,13,13,13
2289,182,30,14,14,14,14
2290,276,44,25,21,21,21
2291,349,62,27,26,24,25
2292,144,22,15,15,15,15
2293,121,17,11,11,11,11
2294,187,31,15,15,15,15
2295,185,26,17,17,17,17
2296,155,22,14,14,14,14
2297,196,28,19,19,19,19
2298,212,32,17,15,15,15
2299,206,27,19,19,19,19
2300,240,35,19,18,18,18
2301,173,26,14,14,14,14
2302,500,75,44,42,40,41
2303,285,46,26,24,24,24
2304,98,15,10,10,10,10
2305,186,26,15,14,14,14
2306,181,32,15,15,14,15
2307,134,19,11,11,10,11
2308,38,5,4,4,4,4
2309,239,37,22,22,22,22
2310,271,43,25,25,24,24
2311,67,10,5,5,5,5
2312,74,12,5,5,5,5
2313,63,12,5,5,5,5
2314,152,23,13,13,13,13
2315,270,40,21,20,20,20
2316,122,18,10,10,10,10
2317,212,36,17,17,16,16
2318,140,21,11,11,11,11
2319,57,9,4,4,4,4
2320,133,22,15,15,15,15
2321,216,37,16,16,16,16
2322,123,20,11,11,11,11
2323,57,12,3,3,3,3
2324,122,19,11,11,11,11
2325,164,23,13,13,13,13
2326,43,6,5,5,5,5
2327,200,34,15,15,15,15
2328,62,10,6,6,6,6
2329,123,21,12,12,12,12
2330,138,26,17,17,17,17
2331,90,13,8,8,8,8
2332,272,42,29,27,27,27
2333,46,8,5,5,5,5
2334,90,15,10,10,10,10
2335,196,31,16,16,16,16
2336,138,20,12,12,12,12
2337,125,20,12,12,12,12
2338,149,23,13,13,13,13
2339,109,14,10,10,10,10
2340,125,21,14,14,14,14
2341,150,26,17,16,16,16
2342,222,31,21,21,19,19
2343,135,20,13,13,13,13
2344,120,19,13,13,13,13
2345,91,14,9,9,9,9
2346,192,28,23,19,19,19
2347,93,18,11,11,11,11
2348,158,24,15,15,15,15
2349,23,4,3,3,3,3
2350,75,15,8,8,8,8
2351,119,20,14,14,14,14
2352,240,40,19,19,19,19
2353,117,19,13,12,12,12
2354,79,13,8,7,7,7
2355,203,30,20,20,20,20
2356,225,32,18,18,18,18
2357,92,15,8,8,8,8
2358,223,38,21,18,18,18
2359,71,12,8,8,8,8
2360,80,15,10,10,10,10
2361,190,33,19,17,17,17
2362,203,30,20,20,20,20
2363,75,11,8,8,8,8
2364,88,15,8,8,8,8
2365,198,32,20,20,20,20
2366,30,6,3,3,3,3
2367,216,28,18,18,18,18
2368,94,16,9,9,9,9
2369,202,30,16,16,16,16
2370,114,21,11,11,11,11
2371,106,17,11,11,11,11
2372,89,12,8,8,8,8
2373,115,17,11,11,11,11
2374,115,19,12,12,12,12
2375,133,20,13,13,13,13
2376,153,27,15,15,15,15
2377,69,9,5,5,5,5
2378,97,13,10,10,10,10
2379,203,31,18,18,18,18
2380,139,20,14,14,14,14
2381,76,12,8,8,8,8
2382,257,42,25,24,24,24
2383,90,16,10,10,10,10
2384,81,10,7,7,7,7
2385,121,18,10,10,10,10
2386,44,7,3,3,3,3
2387,118,21,15,14,14,14
2388,64,11,6,6,6,6
2389,192,34,19,19,19,19
2390,55,11,5,5,5,5
2391,144,23,16,16,16,16
2392,52,10,4,4,4,4
2393,40,7,3,3,3,3
2394,160,23,18,17,17,17
2395,161,23,14,14,14,14
2396,114,24,12,12,12,12
2397,135,22,12,12,12,12
2398,92,17,10,10,10,10
2399,27,6,3,3,3,3
2400,203,32,22,19,19,19
2401,150,26,14,14,14,14
2402,136,23,15,14,14,14
2403,52,8,6,6,6,6
2404,203,30,18,17,17,17
2405,94,14,9,9,9,9
2406,139,23,11,11,11,11
2407,106,18,13,11,11,11
2408,76,14,11,11,11,11
2409,189,35,18,17,17,17
2410,85,12,7,7,7,7
2411,281,47,27,24,23,24
2412,142,23,15,13,13,13
2413,157,28,18,17,17,17
2414,304,49,30,28,28,28
2415,169,28,18,18,18,18
2416,197,27,17,16,16,16
2417,132,18,14,12,12,12
2418,219,39,23,21,21,21
2419,104,19,10,9,9,9
2420,175,27,17,17,17,17
2421,97,17,9,8,8,8
2422,160,26,18,18,18,18
2423,203,34,19,19,18,19
2424,250,36,20,18,17,17
2425,128,19,11,11,11,11
2426,171,23,21,19,19,19
2427,142,28,14,12,12,12
2428,133,20,13,13,13,13
2429,120,21,12,12,12,12
2430,70,11,6,6,6,6
2431,53,8,5,5,5,5
2432,122,21,14,14,14,14
2433,111,19,11,11,11,11
2434,165,24,17,17,17,17
2435,156,26,16,16,16,16
2436,164,27,16,16,16,16
2437,23,4,2,2,2,2
2438,147,26,13,13,13,13
2439,133,21,14,14,14,14
2440,168,29,18,16,16,16
2441,132,22,12,12,12,12
2442,104,17,8,8,8,8
2443,140,19,14,12,11,12
2444,144,20,12,10,10,10
2445,93,15,8,7,7,7
2446,233,34,21,21,21,21
2447,89,14,8,8,8,8
2448,229,34,21,19,18,18
2449,178,29,13,13,13,13
2450,117,18,13,13,13,13
2451,211,27,23,18,17,18
2452,154,27,14,14,14,14
2453,118,19,13,11,11,11
2454,170,26,14,14,14,14
2455,95,19,8,8,8,8
2456,256,38,25,24,24,24
2457,27,5,2,2,2,2
2458,37,5,3,3,3,3
2459,242,36,22,22,20,21
2460,91,16,8,8,8,8
2461,80,15,7,7,7,7
2462,186,30,16,16,16,16
2463,143,25,15,15,15,15
2464,293,46,29,29,29,29
2465,50,8,4,4,4,4
2466,281,42,28,27,26,26
2467,170,24,16,16,16,16
2468,300,44,30,28,27,28
2469,248,41,23,23,23,23
2470,102,18,10,10,10,10
2471,179,30,15,13,13,13
2472,190,25,17,17,17,17
2473,237,40,25,22,22,22
2474,177,25,16,16,16,16
2475,80,11,8,8,8,8
2476,22,4,2,2,2,2
2477,87,17,10,10,10,10
2478,69,10,6,6,6,6
2479,281,48,25,21,21,21
2480,196,36,17,17,17,17
2481,136,23,13,12,12,12
2482,143,23,15,14,14,14
2483,173,33,20,18,18,18
2484,89,16,9,9,9,9
2485,108,20,9,9,9,9
2486,144,21,12,11,11,11
2487,150,25,15,15,14,14
2488,165,26,21,18,18,18
2489,126,20,12,12,12,12
2490,88,13,9,9,9,9
2491,171,25,18,17,17,17
2492,106,19,13,13,13,13
2493,36,8,5,5,5,5
2494,38,8,3,3,3,3
2495,75,10,5,5,5,5
2496,208,33,20,19,19,19
2497,212,35,21,19,19,19
2498,115,17,9,9,9,9
2499,273,42,30,30,29,30
2500,93,16,7,7,7,7
2501,169,23,12,12,12,12
2502,264,44,25,23,22,22
2503,50,8,5,5,5,5
2504,298,53,29,26,25,25
2505,125,22,11,11,11,11
2506,89,15,10,10,10,10
2507,145,20,15,15,15,15
2508,153,25,14,13,12,13
2509,196,28,18,16,16,16
2510,105,17,11,11,11,11
2511,179,27,17,17,17,17
2512,85,13,9,9,9,9
2513,131,24,13,13,13,13
2514,138,19,13,13,13,13
2515,151,22,15,13,12,13
2516,207,32,22,22,22,22
2517,114,18,10,10,10,10
2518,182,30,15,15,15,15
2519,120,17,11,11,11,11
2520,164,26,19,17,16,17
2521,128,22,15,15,15,15
2522,164,25,16,16,16,16
2523,58,10,6,6,6,6
2524,102,16,10,10,10,10
2525,127,20,14,14,14,14
2526,181,31,18,18,18,18
2527,69,12,7,7,7,7
2528,82,13,7,7,7,7
2529,271,44,25,25,25,25
2530,97,12,8,8,8,8
2531,139,24,15,15,15,15
2532,130,23,12,12,11,11
2533,77,13,6,6,6,6
2534,127,22,13,13,13,13
2535,231,36,22,21,21,21
2536,50,7,4,4,4,4
2537,74,12,9,9,9,9
2538,124,19,10,10,10,10
2539,184,31,20,19,19,19
2540,42,6,3,3,3,3
2541,126,21,12,12,12,12
2542,113,19,11,11,11,11
2543,164,23,20,19,19,19
2544,119,18,11,11,11,11
2545,80,15,7,7,7,7
2546,111,17,10,10,10,10
2547,121,22,12,12,12,12
2548,59,12,6,6,6,6
2549,152,22,15,14,14,14
2550,78,13,8,8,8,8
2551,131,23,14,13,12,12
2552,49,11,4,4,4,4
2553,69,9,5,5,5,5
2554,164,27,17,17,17,17
2555,66,12,4,4,4,4
2556,12,2,1,1,1,1
2557,20,4,1,1,1,1
2558,56,9,4,4,4,4
2559,89,13,8,8,8,8
2560,103,20,11,11,11,11
2561,152,24,16,14,14,14
2562,108,19,10,10,10,10
2563,105,19,7,6,6,6
2564,221,32,21,21,21,21
2565,218,34,17,15,15,15
2566,182,26,19,17,16,16
2567,118,18,13,13,13,13
2568,73,11,9,9,9,9
2569,107,18,14,13,13,13
2570,265,41,25,24,24,24
2571,100,20,11,10,10,10
2572,171,29,16,16,16,16
2573,95,14,9,9,9,9
2574,132,20,12,12,12,12
2575,44,7,4,4,4,4
2576,21,2,2,2,2,2
2577,151,21,18,18,18,18
2578,68,11,8,8,8,8
2579,53,9,6,6,6,6
2580,215,34,22,21,19,21
2581,167,29,16,16,15,15
2582,166,30,18,15,15,15
2583,177,34,17,17,17,17
2584,207,34,18,16,16,16
2585,144,25,14,14,14,14
2586,156,23,14,14,14,14
2587,142,24,15,15,15,15
2588,144,18,10,10,10,10
2589,191,33,17,17,17,17
2590,173,29,19,18,18,18
2591,223,36,19,19,19,19
2592,275,40,29,27,27,27
2593,55,9,5,5,5,5
2594,21,2,2,2,2,2
2595,157,24,14,14,14,14
2596,57,9,5,5,5,5
2597,162,28,16,16,16,16
2598,92,16,9,8,8,8
2599,116,18,11,10,10,10
2600,145,24,15,15,14,14
2601,78,13,8,8,8,8
2602,141,25,14,14,14,14
2603,212,35,16,16,16,16
2604,69,13,5,5,5,5
2605,167,26,13,13,13,13
2606,109,15,10,9,9,9
2607,125,20,10,10,10,10
2608,109,17,11,11,11,11
2609,33,3,3,3,3,3
2610,90,12,6,6,6,6
2611,175,29,20,20,20,20
2612,166,26,13,13,12,12
2613,106,19,9,9,9,9
2614,160,26,15,15,15,15
2615,206,29,19,19,19,19
2616,187,29,18,17,17,17
2617,145,21,13,13,13,13
2618,127,19,10,10,10,10
2619,171,25,17,16,16,16
2620,99,13,8,8,8,8
2621,72,13,8,8,8,8
2622,63,13,6,6,6,6
2623,31,5,4,4,4,4
2624,160,25,11,11,11,11
2625,82,13,7,7,7,7
2626,145,22,12,11,10,11
2627,225,33,25,21,21,21
2628,139,22,13,13,13,13
2629,159,27,14,14,14,14
2630,149,22,14,14,14,14
2631,205,32,20,19,18,19
2632,180,27,18,16,16,16
2633,141,22,13,13,13,13
2634,106,14,10,10,10,10
2635,37,7,3,3,3,3
2636,126,21,10,9,9,9
2637,149,24,14,14,14,14
2638,258,35,24,23,23,23
2639,121,19,11,11,11,11
2640,111,14,12,12,12,12
2641,211,33,21,21,21,21
2642,213,31,18,18,18,18
2643,178,29,19,19,19,19
2644,227,33,19,19,19,19
2645,176,30,18,18,18,18
2646,137,23,13,13,13,13
2647,126,19,12,12,12,12
2648,154,24,14,13,13,13
2649,141,24,16,13,13,13
2650,135,20,11,10,10,10
2651,81,12,8,8,8,8
2652,186,26,17,17,17,17
2653,61,8,5,5,5,5
2654,215,37,21,19,19,19
2655,211,39,18,18,18,18
2656,143,22,15,15,15,15
2657,194,31,16,16,16,16
2658,156,25,14,14,14,14
2659,110,21,12,12,12,12
2660,90,14,11,11,11,11
2661,187,28,18,17,17,17
2662,56,9,7,7,7,7
2663,57,7,6,6,6,6
2664,208,32,21,21,21,21
2665,113,19,10,10,10,10
2666,133,21,14,14,14,14
2667,72,11,8,8,8,8
2668,151,20,15,15,15,15
2669,56,8,7,7,7,7
2670,86,13,8,8,8,8
2671,149,21,14,14,14,14
2672,56,8,7,7,7,7
2673,51,9,5,5,5,5
2674,130,20,12,12,12,12
2675,54,8,5,5,5,5
2676,108,18,10,10,10,10
2677,108,16,10,10,10,10
2678,68,12,5,5,5,5
2679,138,19,14,14,14,14
2680,117,22,11,10,10,10
2681,79,13,7,7,7,7
2682,135,21,14,14,14,14
2683,57,9,7,7,7,7
2684,237,38,28,27,27,27
2685,148,23,14,14,14,14
2686,98,17,6,6,6,6
2687,224,33,24,23,23,23
2688,67,9,6,6,6,6
2689,85,13,9,9,9,9
2690,96,15,10,10,10,10
2691,121,20,14,13,13,13
2692,87,12,9,9,9,9
2693,191,29,19,19,19,19
2694,19,3,2,2,2,2
2695,105,15,11,11,11,11
2696,105,16,11,11,11,11
2697,146,22,17,16,16,16
2698,164,23,17,17,17,17
2699,69,9,8,8,8,8
2700,145,20,12,12,12,12
2701,80,14,10,10,10,10
2702,121,18,14,14,14,14
2703,91,12,10,10,10,10
2704,80,11,8,8,8,8
2705,175,25,16,14,14,14
2706,115,19,13,13,13,13
2707,121,18,12,11,11,11
2708,111,18,12,12,12,12
2709,8,1,1,1,1,1
2710,154,25,17,16,16,16
2711,119,18,11,11,11,11
2712,206,32,17,16,16,16
2713,79,15,6,6,6,6
2714,140,22,16,16,16,16
2715,104,19,9,9,9,9
2716,116,17,12,11,11,11
2717,250,41,18,18,18,18
2718,73,13,5,5,5,5
2719,78,13,8,8,8,8
2720,91,15,9,9,9,9
2721,139,22,13,13,13,13
2722,65,9,6,6,6,6
2723,64,13,4,4,4,4
2724,72,12,7,7,7,7
2725,159,24,17,17,17,17
2726,130,21,13,12,12,12
2727,201,30,20,20,20,20
2728,98,20,8,8,8,8
2729,209,34,21,20,20,20
2730,43,9,5,5,5,5
2731,59,10,6,6,6,6
2732,77,13,7,7,7,7
2733,184,32,17,17,17,17
2734,108,17,9,8,7,8
2735,141,23,14,14,14,14
2736,186,26,17,17,17,17
2737,67,10,6,6,6,6
2738,36,6,5,5,5,5
2739,131,22,12,11,11,11
2740,164,24,15,15,15,15
2741,26,5,1,1,1,1
2742,47,7,3,3,3,3
2743,117,18,11,11,11,11
2744,135,26,14,13,13,13
2745,47,8,3,3,3,3
2746,89,14,6,6,6,6
2747,118,21,11,11,11,11
2748,81,14,8,8,8,8
2749,91,16,8,7,7,7
2750,35,7,3,3,3,3
2751,74,10,7,7,7,7
2752,115,23,13,12,12,12
2753,68,14,6,6,6,6
2754,225,35,19,19,19,19
2755,101,17,7,7,7,7
2756,103,13,10,10,10,10
2757,136,25,16,16,16,16
2758,47,8,4,4,4,4
2759,71,14,6,6,6,6
2760,61,13,7,7,7,7
2761,62,12,5,5,5,5
2762,172,29,16,15,15,15
2763,143,22,10,10,10,10
2764,141,24,11,11,11,11
2765,232,32,22,22,22,22
2766,245,37,24,24,24,24
2767,155,19,13,13,13,13
2768,62,11,6,6,6,6
2769,171,25,14,14,14,14
2770,192,28,18,18,18,18
2771,68,7,6,6,6,6
2772,200,28,16,16,16,16
2773,87,14,8,8,8,8
2774,127,21,15,15,15,15
2775,178,25,14,14,14,14
2776,82,10,6,6,6,6
2777,235,36,23,22,21,22
2778,241,33,20,20,20,20
2779,132,16,12,12,12,12
2780,163,23,17,17,17,17
2781,112,17,12,12,12,12
2782,106,15,10,10,10,10
2783,161,22,15,14,14,14
2784,103,12,9,9,9,9
2785,217,31,24,22,22,22
2786,38,6,5,5,5,5
2787,120,19,11,11,11,11
2788,49,8,7,7,7,7
2789,167,28,20,17,17,17
2790,102,15,9,9,9,9
2791,150,21,14,14,13,14
2792,95,16,10,10,10,10
2793,107,15,12,12,12,12
2794,188,29,18,16,16,16
2795,40,4,4,4,4,4
2796,88,16,13,13,13,13
2797,126,22,14,14,14,14
2798,159,26,16,15,15,15
2799,78,13,7,7,7,7
2800,10,1,1,1,1,1
2801,195,31,22,21,21,21
2802,90,17,12,12,12,12
2803,69,14,8,8,8,8
2804,42,6,3,3,3,3
2805,52,6,6,6,6,6
2806,214,34,25,24,24,24
2807,142,29,21,13,13,13
2808,79,16,9,9,9,9
2809,73,12,7,7,7,7
2810,98,10,8,6,6,6
2811,234,38,27,21,21,21
2812,126,21,11,11,11,11
2813,39,6,4,4,4,4
2814,90,18,11,11,11,11
2815,119,22,16,10,10,10
2816,106,17,10,10,10,10
2817,37,7,4,4,4,4
2818,64,14,8,8,8,8
2819,124,25,18,12,12,12
2820,57,9,5,5,5,5
2821,33,5,5,5,5,5
2822,140,22,18,18,18,18
2823,198,34,23,21,21,21
2824,13,3,3,3,3,3
2825,62,7,7,7,7,7
2826,139,24,21,21,21,21
2827,37,4,3,3,3,3
2828,13,3,3,3,3,3
2829,37,5,5,5,5,5
2830,161,26,22,22,22,22
2831,66,13,10,10,10,10
2832,178,32,20,20,20,20
2833,13,3,3,3,3,3
2834,43,6,6,6,6,6
2835,148,25,20,20,20,20
2836,68,14,10,10,10,10
2837,179,32,20,18,18,18
2838,13,3,3,3,3,3
2839,42,6,6,6,6,6
2840,144,25,23,22,22,22
2841,39,6,5,5,5,5
2842,13,3,3,3,3,3
2843,114,21,14,14,14,14
2844,108,21,11,11,11,11
2845,108,19,12,12,12,12
2846,130,24,15,15,15,15
2847,41,7,4,4,4,4
2848,68,10,5,5,5,5
2849,152,24,16,16,16,16
2850,81,13,7,7,7,7
2851,58,8,6,6,6,6
2852,153,27,14,14,13,13
2853,90,14,8,8,8,8
2854,130,24,12,12,12,12
2855,60,10,9,9,9,9
2856,100,16,12,12,12,12
2857,159,24,15,15,15,15
2858,123,23,11,11,11,11
2859,90,16,9,9,9,9
2860,142,23,16,16,16,16
2861,95,15,9,9,9,9
2862,146,24,13,13,13,13
2863,76,12,9,9,9,9
2864,65,11,7,7,7,7
2865,163,27,18,18,18,18
2866,105,20,11,11,11,11
2867,95,15,8,8,8,8
2868,189,30,18,18,18,18
2869,85,14,6,6,6,6
2870,101,20,5,5,5,5
2871,70,11,7,7,7,7
2872,47,7,4,4,4,4
2873,203,33,20,20,20,20
2874,231,40,31,24,24,24
2875,138,20,15,14,14,14
2876,130,24,11,9,8,8
2877,125,19,10,9,9,9
2878,210,35,24,20,20,20
2879,87,17,11,10,10,10
2880,34,6,5,5,5,5
2881,79,12,7,7,7,7
2882,94,15,10,10,10,10
2883,146,21,13,13,13,13
2884,303,48,31,26,25,26
2885,187,28,16,16,16,16
2886,151,22,14,14,14,14
2887,78,12,8,8,8,8
2888,197,33,20,19,19,19
2889,46,7,5,5,5,5
2890,194,30,16,16,16,16
2891,60,8,4,4,4,4
2892,184,28,19,19,19,19
2893,169,26,16,16,16,16
2894,109,16,8,8,8,8
2895,229,34,22,22,22,22
2896,320,52,34,33,33,33
2897,81,13,9,9,9,9
2898,121,20,10,10,10,10
2899,195,30,16,16,16,16
2900,251,42,21,20,19,20
2901,225,33,18,18,18,18
2902,135,21,12,12,12,12
2903,180,31,17,17,17,17
2904,234,37,23,20,20,20
2905,183,33,20,20,20,20
2906,115,18,12,12,12,12
2907,76,12,7,7,7,7
2908,134,19,14,13,13,13
2909,84,12,7,7,7,7
2910,205,31,19,19,19,19
2911,154,23,14,13,13,13
2912,82,13,9,9,9,9
2913,51,9,6,6,6,6
2914,93,15,9,9,9,9
2915,61,9,5,5,5,5
2916,143,22,14,14,14,14
2917,181,29,18,16,16,16
2918,166,27,16,15,15,15
2919,138,22,13,13,13,13
2920,174,23,17,17,16,16
2921,111,21,10,10,9,9
2922,57,7,5,5,5,5
2923,86,13,8,8,8,8
2924,188,33,15,15,15,15
2925,144,25,12,12,12,12
2926,170,26,19,19,19,19
2927,128,20,14,14,14,14
2928,355,61,34,32,32,32
2929,248,35,24,24,24,24
2930,123,19,11,11,11,11
2931,120,18,10,10,10,10
2932,139,21,15,15,15,15
2933,100,16,11,11,11,11
2934,243,41,25,25,25,25
2935,137,25,12,12,12,12
2936,193,33,15,15,15,15
2937,97,15,9,9,9,9
2938,159,23,16,16,16,16
2939,138,21,12,11,11,11
2940,82,13,9,9,9,9
2941,125,21,15,15,15,15
2942,194,31,19,19,19,19
2943,216,36,18,18,18,18
2944,21,4,1,1,1,1
2945,124,20,14,12,12,12
2946,50,8,5,5,5,5
2947,146,23,12,12,11,12
2948,267,47,31,30,30,30
2949,190,35,21,21,20,20
2950,158,24,14,14,14,14
2951,114,21,8,8,8,8
2952,59,9,7,7,7,7
2953,204,33,21,21,21,21
2954,100,14,11,11,11,11
2955,253,36,26,25,25,25
2956,154,21,13,13,13,13
2957,103,17,9,9,9,9
2958,166,32,16,15,14,14
2959,177,29,18,17,17,17
2960,185,33,23,22,22,22
2961,106,20,9,9,9,9
2962,131,19,13,13,13,13
2963,145,23,13,13,13,13
2964,160,22,14,14,14,14
2965,136,28,14,14,14,14
2966,100,20,11,10,10,10
2967,200,30,22,21,21,21
2968,123,19,14,14,14,14
2969,82,12,10,9,9,9
2970,160,25,17,17,17,17
2971,196,33,25,19,19,19
2972,187,28,17,17,17,17
2973,97,18,8,8,8,8
2974,119,17,11,11,11,11
2975,131,23,15,15,15,15
2976,146,22,18,16,16,16
2977,102,14,11,9,9,9
2978,175,25,19,18,18,18
2979,156,27,15,14,14,14
2980,58,11,6,6,6,6
2981,207,37,19,19,19,19
2982,122,22,10,10,10,10
2983,89,16,12,12,12,12
2984,152,23,14,14,14,14
2985,130,23,11,11,10,11
2986,102,17,9,9,9,9
2987,146,27,18,18,18,18
2988,169,28,18,16,16,16
2989,90,14,10,10,10,10
2990,64,11,8,8,8,8
2991,85,12,8,8,8,8
2992,174,28,21,20,20,20
2993,107,19,12,12,12,12
2994,104,17,11,10,10,10
2995,222,31,21,19,19,19
2996,132,23,13,13,13,13
2997,164,26,13,13,13,13
2998,76,11,8,8,8,8
2999,42,5,5,5,5,5
3000,119,19,14,13,13,13
3001,85,14,10,10,10,10
3002,116,20,12,11,11,11
3003,69,9,8,7,7,7
3004,153,21,14,14,14,14
3005,149,19,14,14,14,14
3006,155,22,13,13,13,13
3007,94,14,9,9,9,9
3008,110,15,9,9,9,9
3009,173,29,19,18,18,18
3010,115,19,12,11,11,11
3011,94,16,10,9,9,9
3012,278,41,29,29,28,29
3013,113,12,9,9,9,9
3014,123,18,12,12,12,12
3015,82,17,13,10,10,10
3016,274,42,27,27,27,27
3017,91,14,11,11,11,11
3018,68,13,10,10,10,10
3019,78,15,12,11,11,11
3020,78,13,7,7,7,7
3021,29,5,4,4,4,4
3022,148,22,16,15,15,15
3023,88,12,10,10,10,10
3024,115,20,12,12,12,12
3025,113,20,12,12,12,12
3026,127,17,12,12,12,12
3027,116,19,14,14,14,14
3028,143,24,16,16,16,16
3029,118,22,11,11,11,11
3030,60,10,8,8,8,8
3031,68,11,7,6,6,6
3032,139,21,15,15,15,15
3033,160,26,14,14,14,14
3034,171,31,24,21,20,20
3035,148,27,15,15,15,15
3036,182,30,20,19,19,19
3037,164,30,17,17,17,17
3038,82,12,8,8,8,8
3039,169,27,17,16,16,16
3040,68,11,8,8,8,8
3041,121,19,15,15,15,15
3042,171,28,16,16,16,16
3043,32,5,4,4,4,4
3044,147,21,16,16,16,16
3045,155,25,16,16,16,16
3046,58,11,8,8,8,8
3047,77,11,8,8,8,8
3048,87,13,9,9,9,9
3049,56,9,5,5,5,5
3050,51,7,7,7,7,7
3051,149,23,16,16,16,16
3052,42,7,4,4,4,4
3053,136,20,13,13,13,13
3054,90,16,9,9,9,9
3055,41,6,4,4,4,4
3056,86,12,7,7,7,7
3057,116,16,14,14,14,14
3058,147,22,19,18,18,18
3059,126,19,14,14,13,14
3060,68,10,9,9,9,9
3061,88,12,10,10,10,10
3062,152,22,18,17,17,17
3063,157,23,20,19,19,19
3064,272,41,29,26,26,26
3065,16,3,2,2,2,2
3066,167,29,14,14,14,14
3067,16,2,2,2,2,2
3068,160,21,16,16,16,16
3069,354,51,37,36,36,36
3070,163,24,17,16,16,16
3071,146,22,14,14,14,14
3072,147,24,11,10,10,10
3073,40,6,4,4,4,4
3074,101,14,10,10,10,10
3075,201,31,20,20,19,19
3076,134,23,11,11,11,11
3077,149,21,14,14,14,14
3078,108,24,11,11,11,11
3079,31,8,4,4,4,4
3080,98,14,8,8,8,8
3081,73,12,7,7,7,7
3082,138,20,13,13,13,13
3083,62,10,6,6,6,6
3084,49,8,8,8,8,8
3085,65,9,8,8,8,8
3086,145,25,15,14,14,14
3087,116,18,12,10,10,10
3088,172,24,15,15,15,15
3089,190,29,19,18,18,18
3090,212,32,22,22,22,22
3091,165,28,17,15,14,15
3092,118,19,11,11,11,11
3093,51,10,7,7,7,7
3094,76,13,9,9,9,9
3095,53,10,7,7,7,7
3096,86,14,9,9,9,9
3097,139,23,14,13,13,13
3098,172,26,18,17,17,17
3099,170,28,16,15,15,15
3100,108,15,8,8,8,8
3101,195,29,21,19,19,19
3102,140,24,14,14,14,14
3103,221,36,20,20,20,20
3104,185,28,17,17,17,17
3105,180,24,17,17,17,17
3106,151,26,14,14,14,14
3107,225,31,22,22,22,22
3108,147,19,12,12,12,12
3109,110,19,8,8,8,8
3110,165,27,15,15,15,15
3111,245,43,27,27,27,27
3112,125,16,12,11,11,11
3113,181,24,16,16,16,16
3114,101,15,10,10,10,10
3115,140,22,11,9,9,9
3116,122,18,11,11,11,11
3117,100,17,10,10,10,10
3118,140,22,15,15,15,15
3119,72,12,7,7,7,7
3120,19,2,2,2,2,2
3121,188,31,19,19,19,19
3122,177,29,21,14,14,14
3123,231,36,23,21,20,20
3124,180,31,20,20,20,20
3125,174,27,16,15,15,15
3126,134,20,12,12,12,12
3127,92,17,9,9,9,9
3128,67,9,8,8,8,8
3129,86,14,9,9,9,9
3130,105,18,12,10,10,10
3131,109,19,13,11,11,11
3132,179,27,17,15,15,15
3133,16,2,2,2,2,2
3134,89,13,10,10,10,10
3135,89,13,9,9,9,9
3136,209,32,21,19,19,19
3137,104,17,11,11,10,10
3138,57,8,7,7,7,7
3139,163,26,16,16,16,16
3140,36,6,4,4,4,4
3141,200,30,21,20,20,20
3142,76,12,7,7,7,7
3143,97,18,13,13,13,13
3144,22,2,2,2,2,2
3145,84,12,9,9,9,9
3146,133,25,17,14,14,14
3147,78,13,9,9,9,9
3148,70,11,7,7,7,7
3149,16,2,2,2,2,2
3150,125,19,13,13,13,13
3151,201,29,20,19,18,18
3152,207,32,17,17,17,17
3153,125,20,12,12,12,12
3154,264,40,29,29,29,29
3155,86,16,9,9,9,9
3156,166,23,19,19,19,19
3157,71,13,6,6,6,6
3158,12,2,2,2,2,2
3159,117,19,14,14,13,13
3160,144,24,13,13,13,13
3161,76,13,8,8,8,8
3162,173,33,19,16,15,15
3163,11,1,1,1,1,1
3164,119,20,14,14,14,14
3165,103,17,13,13,13,13
3166,65,13,10,10,10,10
3167,102,17,10,10,10,10
3168,217,36,24,24,24,24
3169,134,19,17,17,17,17
3170,188,33,23,17,17,17
3171,56,9,6,5,5,5
3172,136,20,13,13,13,13
3173,225,33,21,18,18,18
3174,175,26,19,17,17,17
3175,109,20,12,11,11,11
3176,132,20,14,14,14,14
3177,170,26,17,16,16,16
3178,188,29,15,15,15,15
3179,212,35,25,23,23,23
3180,51,10,6,5,5,5
3181,132,20,12,12,12,12
3182,102,16,11,11,11,11
3183,189,31,21,21,21,21
3184,221,34,20,20,20,20
3185,105,18,11,11,11,11
3186,144,22,13,13,13,13
3187,130,18,12,12,12,12
3188,234,35,25,25,24,24
3189,119,20,14,14,14,14
3190,165,24,17,17,17,17
3191,126,19,9,9,9,9
3192,100,14,11,11,11,11
3193,234,35,20,20,20,20
3194,105,14,9,9,9,9
3195,212,30,18,18,18,18
3196,148,26,15,15,15,15
3197,210,33,20,18,18,18
3198,191,29,16,16,16,16
3199,152,22,17,17,17,17
3200,217,30,20,20,20,20
3201,164,27,18,17,16,17
3202,132,22,15,15,15,15
3203,75,14,7,7,7,7
3204,181,25,17,17,17,17
3205,100,20,12,12,12,12
3206,114,20,13,13,13,13
3207,149,27,15,15,15,15
3208,130,22,15,14,14,14
3209,206,39,24,22,21,21
3210,169,24,18,16,16,16
3211,56,9,5,5,5,5
3212,136,23,13,11,11,11
3213,245,40,22,20,19,19
3214,79,13,7,7,7,7
3215,199,31,19,19,19,19
3216,120,18,11,11,11,11
3217,148,21,14,13,13,13
3218,89,11,9,9,9,9
3219,208,29,18,17,17,17
3220,147,21,13,12,12,12
3221,114,17,11,11,11,11
3222,117,17,10,8,8,8
3223,99,18,11,11,11,11
3224,84,14,8,8,8,8
3225,429,69,47,32,31,32
3226,244,43,26,22,22,22
3227,120,20,12,11,10,10
3228,90,17,9,8,8,8
3229,150,23,12,10,10,10
3230,194,30,22,22,21,21
3231,214,33,22,21,21,21
3232,107,16,9,9,9,9
3233,141,23,11,10,10,10
3234,139,22,14,14,14,14
3235,79,12,9,9,9,9
3236,177,28,21,21,21,21
3237,111,16,11,11,11,11
3238,190,29,20,20,20,20
3239,183,35,21,18,18,18
3240,168,30,19,19,19,19
3241,85,14,8,8,8,8
3242,217,38,25,23,23,23
3243,80,14,7,7,7,7
3244,60,9,6,6,6,6
3245,87,14,10,10,10,10
3246,92,17,8,8,8,8
3247,55,8,6,6,6,6
3248,166,28,16,16,16,16
3249,71,14,8,7,7,7
3250,104,18,12,12,12,12
3251,87,18,11,10,10,10
3252,190,30,16,16,16,16
3253,160,23,16,14,14,14
3254,160,25,16,14,14,14
3255,76,11,7,6,6,6
3256,162,26,15,15,14,15
3257,45,7,5,5,5,5
3258,82,10,7,7,7,7
3259,85,11,8,8,8,8
3260,109,16,10,9,9,9
3261,26,4,3,3,3,3
3262,190,30,20,19,18,18
3263,167,27,18,18,18,18
3264,109,17,12,11,11,11
3265,204,30,18,18,18,18
3266,110,17,14,14,14,14
3267,153,25,13,13,13,13
3268,129,21,9,9,9,9
3269,113,18,12,11,11,11
3270,112,20,16,16,16,16
3271,136,26,14,14,14,14
3272,160,26,16,14,14,14
3273,77,11,7,7,7,7
3274,105,17,12,12,12,12
3275,63,7,6,6,6,6
3276,154,22,17,17,17,17
3277,101,14,12,12,12,12
3278,141,20,14,14,14,14
3279,184,26,17,17,17,17
3280,194,31,19,19,19,19
3281,106,18,13,13,13,13
3282,99,16,10,10,10,10
3283,219,34,23,23,23,23
3284,54,9,7,6,6,6
3285,148,24,14,14,14,14
3286,90,12,10,9,9,9
3287,71,13,9,9,9,9
3288,141,23,13,13,13,13
3289,175,29,16,15,15,15
3290,124,16,10,10,10,10
3291,164,29,18,18,18,18
3292,129,18,11,11,11,11
3293,181,26,17,17,17,17
3294,146,25,15,12,12,12
3295,124,20,13,13,13,13
3296,84,15,10,9,9,9
3297,97,18,12,11,11,11
3298,261,41,26,26,25,25
3299,42,7,3,3,3,3
3300,170,26,16,16,16,16
3301,170,27,17,15,14,15
3302,134,23,16,15,15,15
3303,141,24,15,14,14,14
3304,155,21,16,16,16,16
3305,129,23,14,13,13,13
3306,90,16,9,9,8,8
3307,101,18,11,11,10,10
3308,145,23,16,16,15,15
3309,292,49,29,27,26,27
3310,181,28,20,20,20,20
3311,95,17,9,9,9,9
3312,91,14,7,7,7,7
3313,159,27,13,12,12,12
3314,131,23,15,13,13,13
3315,103,18,11,10,10,10
3316,145,23,14,14,14,14
3317,147,24,13,13,13,13
3318,160,31,18,17,17,17
3319,103,18,10,10,10,10
3320,170,32,14,14,14,14
3321,134,21,12,12,12,12
3322,208,32,20,18,18,18
3323,68,10,6,6,6,6
3324,198,30,17,16,16,16
3325,156,30,11,10,10,10
3326,75,12,7,7,7,7
3327,162,31,17,16,16,16
3328,193,35,18,17,17,17
3329,113,18,11,11,11,11
3330,93,17,10,10,10,10
3331,147,29,15,14,14,14
3332,38,5,3,3,3,3
3333,8,1,1,1,1,1
3334,74,11,8,8,8,8
3335,128,21,15,14,14,14
3336,42,6,4,4,4,4
3337,58,11,7,6,6,6
3338,97,16,12,12,12,12
3339,203,35,18,18,18,18
3340,21,3,2,2,2,2
3341,160,26,16,14,14,14
3342,95,17,9,9,9,9
3343,47,6,6,6,6,6
3344,236,39,26,25,23,23
3345,154,26,15,15,15,15
3346,127,18,12,12,12,12
3347,151,23,16,16,16,16
3348,8,1,1,1,1,1
3349,50,7,6,6,6,6
3350,63,10,7,7,7,7
3351,189,31,18,18,18,18
3352,181,30,19,19,19,19
3353,114,17,11,11,11,11
3354,169,24,16,16,16,16
3355,158,24,15,14,14,14
3356,216,38,19,18,18,18
3357,193,32,19,19,19,19
3358,186,33,17,17,17,17
3359,49,9,6,6,6,6
3360,48,8,5,5,5,5
3361,162,27,17,17,17,17
3362,86,15,9,9,9,9
3363,171,28,18,18,18,18
3364,238,40,27,24,22,23
3365,67,11,7,7,7,7
3366,181,32,22,21,21,21
3367,95,17,10,10,10,10
3368,112,21,14,12,12,12
3369,108,19,12,12,12,12
3370,169,23,18,18,18,18
3371,140,22,14,14,14,14
3372,163,23,13,13,13,13
3373,128,21,13,13,13,13
3374,120,18,10,10,10,10
3375,98,15,6,6,6,6
3376,180,28,17,16,16,16
3377,147,25,15,15,14,14
3378,117,22,8,7,7,7
3379,88,13,8,8,8,8
3380,151,24,15,15,15,15
3381,111,18,9,8,8,8
3382,95,16,13,12,12,12
3383,163,22,15,13,13,13
3384,141,24,15,14,14,14
3385,85,11,10,10,10,10
3386,104,13,11,11,11,11
3387,208,31,23,22,22,22
3388,207,35,19,19,19,19
3389,199,34,21,21,21,21
3390,121,19,11,10,10,10
3391,68,11,7,7,7,7
3392,79,15,8,8,8,8
3393,76,13,7,7,7,7
3394,37,6,4,4,4,4
3395,94,15,10,10,10,10
3396,162,27,19,17,16,16
3397,282,41,24,21,21,21
3398,113,21,12,12,12,12
3399,77,12,9,8,8,8
3400,117,19,11,10,10,10
3401,162,26,18,17,17,17
3402,270,43,28,25,25,25
3403,167,24,14,13,13,13
3404,91,15,9,9,9,9
3405,102,18,12,11,11,11
3406,173,29,19,19,19,19
3407,204,29,19,19,19,19
3408,173,30,17,17,17,17
3409,139,24,14,14,14,14
3410,128,23,17,16,16,16
3411,77,14,10,10,9,9
3412,83,12,9,9,9,9
3413,124,16,12,12,12,12
3414,168,27,16,16,16,16
3415,223,34,20,19,19,19
3416,129,18,12,12,12,12
3417,120,22,10,10,10,10
3418,218,33,20,20,20,20
3419,176,27,17,17,17,17
3420,165,30,16,16,16,16
3421,192,31,16,15,15,15
3422,198,34,23,23,23,23
3423,229,32,20,20,20,20
3424,243,42,29,25,25,25
3425,79,13,10,9,9,9
3426,112,17,9,9,9,9
3427,175,31,23,22,22,22
3428,51,8,7,7,7,7
3429,24,6,5,5,5,5
3430,238,37,24,24,24,24
3431,177,31,21,21,21,21
3432,73,14,7,7,7,7
3433,206,33,25,25,25,25
3434,81,13,10,9,9,9
3435,53,7,5,5,5,5
3436,251,44,35,25,25,25
3437,65,12,10,10,10,10
3438,141,25,14,14,14,14
3439,44,9,8,8,8,8
3440,185,33,20,20,20,20
3441,25,5,4,4,4,4
3442,131,17,11,11,11,11
3443,34,7,5,5,5,5
3444,113,19,12,12,12,12
3445,70,11,9,9,9,9
3446,34,4,4,4,4,4
3447,43,8,7,7,7,7
3448,74,14,8,8,8,8
3449,196,28,17,15,15,15
3450,121,19,10,10,10,10
3451,167,21,14,14,14,14
3452,129,18,10,10,10,10
3453,143,20,14,14,14,14
3454,160,28,15,15,15,15
3455,85,11,8,8,8,8
3456,253,42,33,31,31,31
3457,90,12,9,9,9,9
3458,112,21,15,10,10,10
3459,101,15,12,10,10,10
3460,67,8,7,7,7,7
3461,290,42,29,29,29,29
3462,93,16,7,7,7,7
3463,128,25,16,15,15,15
3464,178,32,20,18,17,17
3465,209,30,21,19,19,19
3466,77,10,8,8,8,8
3467,168,29,16,12,12,12
3468,161,21,16,15,15,15
3469,106,14,10,10,10,10
3470,211,32,20,20,20,20
3471,139,21,14,14,14,14
3472,98,16,11,11,11,11
3473,249,42,26,23,23,23
3474,275,41,27,26,26,26
3475,130,18,15,15,15,15
3476,193,31,20,18,18,18
3477,128,21,12,11,11,11
3478,117,15,12,11,11,11
3479,75,12,9,9,9,9
3480,157,26,14,13,13,13
3481,159,22,16,16,16,16
3482,140,23,12,12,12,12
3483,96,12,10,10,10,10
3484,153,29,16,13,13,13
3485,46,8,6,5,5,5
3486,165,29,18,15,15,15
3487,48,8,6,5,5,5
3488,144,24,16,16,15,15
3489,62,9,6,6,6,6
3490,181,23,16,16,15,15
3491,105,18,10,10,9,9
3492,130,24,12,12,12,12
3493,321,51,35,30,30,30
3494,313,46,31,27,27,27
3495,38,6,3,3,3,3
3496,101,14,10,9,8,9
3497,131,22,16,13,13,13
3498,134,22,10,10,10,10
3499,88,14,9,9,9,9
3500,66,12,6,6,6,6
3501,129,20,14,13,13,13
3502,180,25,18,17,17,17
3503,125,19,11,11,11,11
3504,65,12,6,6,6,6
3505,126,20,10,9,9,9
3506,79,16,9,9,9,9
3507,59,10,6,6,6,6
3508,109,19,13,11,11,11
3509,148,23,16,15,15,15
3510,98,18,12,12,12,12
3511,182,31,17,17,17,17
3512,101,15,10,10,10,10
3513,110,17,13,12,12,12
3514,169,25,15,15,15,15
3515,58,8,5,5,5,5
3516,110,19,12,11,11,11
3517,40,7,4,4,4,4
3518,119,19,13,13,13,13
3519,160,26,16,16,15,15
3520,63,10,7,7,7,7
3521,157,25,14,14,13,13
3522,140,20,14,14,14,14
3523,87,16,8,6,6,6
3524,209,38,21,19,19,19
3525,213,35,24,23,23,23
3526,152,25,14,12,12,12
3527,110,17,9,9,9,9
3528,103,15,8,8,8,8
3529,177,31,17,16,16,16
3530,114,19,13,13,13,13
3531,123,21,12,12,12,12
3532,127,22,13,12,12,12
3533,74,12,7,7,7,7
3534,149,19,13,13,13,13
3535,158,25,16,16,16,16
3536,65,11,6,6,6,6
3537,145,21,13,13,13,13
3538,141,21,13,13,13,13
3539,200,30,18,18,18,18
3540,142,21,16,16,16,16
3541,110,15,11,10,10,10
3542,107,18,11,11,11,11
3543,111,20,12,12,12,12
3544,112,15,11,11,11,11
3545,81,11,7,7,7,7
3546,128,16,12,12,11,12
3547,153,28,17,17,17,17
3548,151,23,13,13,13,13
3549,116,18,11,11,11,11
3550,139,23,15,15,15,15
3551,193,25,18,18,18,18
3552,43,7,5,5,5,5
3553,94,14,10,10,10,10
3554,215,32,20,20,20,20
3555,114,20,13,13,13,13
3556,204,31,21,21,21,21
3557,113,16,10,10,10,10
3558,103,17,9,9,9,9
3559,190,28,18,18,18,18
3560,171,25,15,15,15,15
3561,133,21,13,13,13,13
3562,137,23,15,15,15,15
3563,110,19,10,10,10,10
3564,151,22,15,15,15,15
3565,100,15,10,10,10,10
3566,224,36,22,22,22,22
3567,107,18,10,10,10,10
3568,164,27,20,18,18,18
3569,183,25,18,17,16,17
3570,151,23,16,15,15,15
3571,104,18,12,11,11,11
3572,99,18,12,12,11,11
3573,111,16,11,11,11,11
3574,150,23,12,11,11,11
3575,47,9,4,4,4,4
3576,146,25,14,14,14,14
3577,190,30,18,18,18,18
3578,121,23,13,13,13,13
3579,124,20,13,13,13,13
3580,218,32,21,20,20,20
3581,213,31,17,17,17,17
3582,131,18,14,14,14,14
3583,134,23,16,14,14,14
3584,63,11,9,7,7,7
3585,66,12,10,8,8,8
3586,46,9,7,6,6,6
3587,135,18,14,14,14,14
3588,132,20,14,12,12,12
3589,134,21,15,15,15,15
3590,210,37,26,19,19,19
3591,81,16,11,9,9,9
3592,69,10,7,7,7,7
3593,143,19,13,13,13,13
3594,69,10,8,8,8,8
3595,110,19,11,11,11,11
3596,72,15,8,8,8,8
3597,197,30,21,21,21,21
3598,60,9,6,6,6,6
3599,94,15,10,10,10,10
3600,155,26,17,16,16,16
3601,130,22,15,15,15,15
3602,122,19,10,10,10,10
3603,86,15,8,8,8,8
3604,122,21,13,13,13,13
3605,103,18,12,12,12,12
3606,78,13,8,8,8,8
3607,51,9,5,5,5,5
3608,112,17,10,10,10,10
3609,135,24,16,16,16,16
3610,111,19,12,11,11,11
3611,27,5,3,3,3,3
3612,174,26,16,15,15,15
3613,130,19,11,11,11,11
3614,145,25,17,17,17,17
3615,108,19,15,15,15,15
3616,135,20,13,13,13,13
3617,10,1,1,1,1,1
3618,36,4,4,4,4,4
3619,105,14,11,11,11,11
3620,58,8,7,7,7,7
3621,86,13,11,10,10,10
3622,58,9,7,7,7,7
3623,147,18,14,14,14,14
3624,216,31,21,21,21,21
3625,98,17,9,9,9,9
3626,133,24,15,15,15,15
3627,136,23,18,18,18,18
3628,174,25,19,17,17,17
3629,143,23,14,14,14,14
3630,165,25,17,17,17,17
3631,150,22,15,15,14,14
3632,66,11,7,7,7,7
3633,65,13,6,6,6,6
3634,166,25,18,17,17,17
3635,151,24,16,14,14,14
3636,166,25,17,16,16,16
3637,48,8,5,5,5,5
3638,108,17,10,10,10,10
3639,54,14,4,4,4,4
3640,104,19,12,12,12,12
3641,113,20,11,9,9,9
3642,189,32,20,19,19,19
3643,79,13,10,10,10,10
3644,97,19,10,10,10,10
3645,174,26,19,19,19,19
3646,144,20,13,13,13,13
3647,115,19,11,11,11,11
3648,157,30,18,16,16,16
3649,192,32,20,17,16,16
3650,198,32,19,19,19,19
3651,107,18,10,10,10,10
3652,187,30,18,17,17,17
3653,75,12,8,8,8,8
3654,32,5,2,2,2,2
3655,180,31,19,17,17,17
3656,76,14,9,9,9,9
3657,122,19,14,14,14,14
3658,90,14,10,10,10,10
3659,73,10,6,6,6,6
3660,138,22,14,14,14,14
3661,63,9,6,6,6,6
3662,55,8,8,8,8,8
3663,27,4,3,3,3,3
3664,73,13,11,11,11,11
3665,94,17,15,13,13,13
3666,44,6,6,6,6,6
3667,40,5,5,5,5,5
3668,48,7,5,5,5,5
3669,129,17,13,13,13,13
3670,138,21,16,16,16,16
3671,157,21,13,13,13,13
3672,176,22,18,18,18,18
3673,115,16,11,11,11,11
3674,148,20,15,15,15,15
3675,160,28,14,13,13,13
3676,149,23,16,16,16,16
3677,243,38,23,21,21,21
3678,194,32,17,17,17,17
3679,148,20,16,16,16,16
3680,136,20,12,12,12,12
3681,200,32,17,17,17,17
3682,110,16,11,11,11,11
3683,124,19,11,11,11,11
3684,112,16,10,10,10,10
3685,143,22,12,12,12,12
3686,106,16,11,9,9,9
3687,26,4,3,3,3,3
3688,217,29,19,19,19,19
3689,148,24,17,17,17,17
3690,165,26,16,16,16,16
3691,126,22,16,14,14,14
3692,79,14,9,9,9,9
3693,123,22,13,13,13,13
3694,201,30,21,20,20,20
3695,217,34,19,17,17,17
3696,120,22,12,11,11,11
3697,100,17,14,13,13,13
3698,208,33,21,19,18,18
3699,172,27,18,16,16,16
3700,199,31,21,21,21,21
3701,52,8,6,6,6,6
3702,158,27,16,16,16,16
3703,164,26,14,14,14,14
3704,161,22,12,12,12,12
3705,134,21,15,15,15,15
3706,94,16,11,11,11,11
3707,167,22,15,14,14,14
3708,133,22,9,9,9,9
3709,81,13,8,8,8,8
3710,118,20,11,11,11,11
3711,106,17,9,9,9,9
3712,101,19,9,9,9,9
3713,114,18,14,14,14,14
3714,232,35,19,19,19,19
3715,94,14,9,9,9,9
3716,107,16,10,10,10,10
3717,80,11,8,8,8,8
3718,47,6,6,6,6,6
3719,146,19,13,12,12,12
3720,33,6,3,3,3,3
3721,148,22,17,17,17,17
3722,102,17,10,10,10,10
3723,229,38,19,18,18,18
3724,182,29,16,16,16,16
3725,298,47,30,29,29,29
3726,146,23,14,14,14,14
3727,182,28,21,21,21,21
3728,142,18,12,12,12,12
3729,149,24,17,16,16,16
3730,78,13,7,7,7,7
3731,141,23,10,10,10,10
3732,167,25,16,16,16,16
3733,170,26,17,15,15,15
3734,308,49,34,31,31,31
3735,48,8,6,6,6,6
3736,218,27,22,22,21,22
3737,73,10,6,6,6,6
3738,53,8,5,5,5,5
3739,42,6,5,5,5,5
3740,101,19,8,8,8,8
3741,167,27,13,13,13,13
3742,168,23,16,16,16,16
3743,90,16,11,11,11,11
3744,51,9,5,5,5,5
3745,155,19,15,15,15,15
3746,120,20,11,11,11,11
3747,195,33,20,20,20,20
3748,67,13,7,7,7,7
3749,205,33,22,22,22,22
3750,114,19,12,12,12,12
3751,149,28,16,15,15,15
3752,97,15,7,7,7,7
3753,77,11,7,7,7,7
3754,43,7,3,3,3,3
3755,47,7,4,4,4,4
3756,152,27,13,13,13,13
3757,240,34,20,19,19,19
3758,111,20,9,9,9,9
3759,101,15,9,9,9,9
3760,54,10,5,5,5,5
3761,108,17,13,13,13,13
3762,204,33,21,20,20,20
3763,82,13,8,8,8,8
3764,89,14,6,6,6,6
3765,161,23,16,15,15,15
3766,155,23,14,14,14,14
3767,208,32,20,20,20,20
3768,200,30,22,21,21,21
3769,133,23,13,13,13,13
3770,185,26,18,18,18,18
3771,80,11,9,9,9,9
3772,145,22,14,14,14,14
3773,79,11,8,8,8,8
3774,212,36,20,19,19,19
3775,146,24,13,11,11,11
3776,175,28,19,18,18,18
3777,192,28,15,15,15,15
3778,194,26,18,18,18,18
3779,33,5,4,4,4,4
3780,183,29,19,19,19,19
3781,125,20,14,14,14,14
3782,148,22,16,16,16,16
3783,135,23,16,14,14,14
3784,99,17,11,10,10,10
3785,134,23,15,13,13,13
3786,94,16,9,9,9,9
3787,73,13,8,7,7,7
3788,211,33,20,20,20,20
3789,147,24,14,14,14,14
3790,186,26,18,17,17,17
3791,60,11,7,7,7,7
3792,109,16,11,11,11,11
3793,111,17,11,11,11,11
3794,98,15,11,11,11,11
3795,101,15,12,12,12,12
3796,115,14,10,10,10,10
3797,121,20,12,12,12,12
3798,59,8,6,6,6,6
3799,144,23,15,15,15,15
3800,65,9,6,6,6,6
3801,167,22,19,17,17,17
3802,108,17,11,11,11,11
3803,189,31,20,19,19,19
3804,66,12,8,8,8,8
3805,77,12,7,7,7,7
3806,171,29,16,16,16,16
3807,154,29,17,14,14,14
3808,96,18,9,9,9,9
3809,163,28,14,14,14,14
3810,168,26,16,16,16,16
3811,36,7,3,3,3,3
3812,228,40,23,22,22,22
3813,233,42,25,24,24,24
3814,153,28,15,15,15,15
3815,156,23,15,15,15,15
3816,88,15,9,9,9,9
3817,208,38,23,21,21,21
3818,97,17,12,12,11,11
3819,152,27,15,15,14,15
3820,153,26,16,14,14,14
3821,143,26,15,14,14,14
3822,168,27,16,16,16,16
3823,183,30,16,16,16,16
3824,71,14,8,8,8,8
3825,158,27,13,13,13,13
3826,101,17,10,10,10,10
3827,173,28,23,23,23,23
3828,58,11,7,7,7,7
3829,217,35,21,19,19,19
3830,170,26,17,17,17,17
3831,152,24,14,14,14,14
3832,209,36,20,19,18,19
3833,86,15,10,10,10,10
3834,104,15,10,10,10,10
3835,79,16,8,8,8,8
3836,79,13,6,6,6,6
3837,71,12,9,9,9,9
3838,122,18,9,9,9,9
3839,38,5,3,3,3,3
3840,109,18,12,11,11,11
3841,129,22,14,14,14,14
3842,115,20,14,14,13,13
3843,85,13,10,10,10,10
3844,57,8,6,6,6,6
3845,109,15,11,11,11,11
3846,57,9,7,7,7,7
3847,58,9,7,7,7,7
3848,55,9,5,5,5,5
3849,253,37,25,25,25,25
3850,108,17,9,9,9,9
3851,121,17,13,13,13,13
3852,102,17,8,8,8,8
3853,117,17,10,10,10,10
3854,120,18,11,10,10,10
3855,103,14,11,11,11,11
3856,57,10,7,7,7,7
3857,188,30,21,21,21,21
3858,113,19,10,10,10,10
3859,96,16,9,9,9,9
3860,178,30,17,17,17,17
3861,243,40,23,18,18,18
3862,133,20,13,13,13,13
3863,32,5,3,3,3,3
3864,141,23,12,10,10,10
3865,157,24,15,15,15,15
3866,195,33,21,19,18,19
3867,87,14,10,9,9,9
3868,142,23,17,17,17,17
3869,146,24,16,13,13,13
3870,143,22,16,13,13,13
3871,95,17,11,11,11,11
3872,52,9,7,6,6,6
3873,182,28,18,18,18,18
3874,162,22,16,16,15,16
3875,184,29,18,18,17,18
3876,158,23,16,16,16,16
3877,122,18,9,9,9,9
3878,191,34,19,18,18,18
3879,71,11,8,8,8,8
3880,140,28,18,15,15,15
3881,234,37,28,26,26,26
3882,219,35,23,23,23,23
3883,127,23,13,13,13,13
3884,177,27,19,19,19,19
3885,166,27,17,17,17,17
3886,97,16,9,9,9,9
3887,121,20,16,14,14,14
3888,122,20,14,13,13,13
3889,90,17,10,10,10,10
3890,73,15,8,8,8,8
3891,174,32,20,19,19,19
3892,82,13,9,9,9,9
3893,179,30,16,16,16,16
3894,100,19,11,11,11,11
3895,118,21,13,11,11,11
3896,55,9,7,6,6,6
3897,166,24,18,15,15,15
3898,249,36,26,26,26,26
3899,297,42,28,23,23,23
3900,123,18,13,13,13,13
3901,293,49,28,28,26,27
3902,157,27,16,15,15,15
3903,66,14,8,8,8,8
3904,185,30,18,18,18,18
3905,215,34,21,21,21,21
3906,131,21,13,12,12,12
3907,111,16,11,11,11,11
3908,152,24,16,16,16,16
3909,211,36,18,18,17,17
3910,245,38,23,22,22,22
3911,127,20,15,15,15,15
3912,26,4,3,3,3,3
3913,75,14,9,9,9,9
